PSRJ,P,logEdot,MJD,tobs,tnom,rmsI,SNRt,DM,DMerr,RM,RMerr,tau,tauerr,alpha,alphaerr,w10,w10err
J0034-0721,0.9430,31.3,58774.9,981,401,0.23,356,14.2,0.2,9.9,2.9,,,,,44.65,0.70
J0038-2501,0.2569,30.3,58823.8,602,,0.26,18,6.1,0.1,14.0,3.9,,,,,,
J0045-7042,0.6323,32.6,59026.1,1199,806,0.18,14,71.0,0.9,38.0,3.8,,,,,,
J0045-7319,0.9264,32.3,58624.1,514,,0.30,4,105.4,,,,,,,,,
J0108-1431,0.8076,30.8,58799.9,842,33,0.24,123,2.2,0.1,-0.3,2.9,,,,,27.1,4.2
J0111-7131,0.6885,32.9,59026.1,1200,,0.19,6,79.4,,0.0,16.4,,,,,,
J0113-7220,0.3259,33.7,58783.9,302,81,0.37,42,125.5,0.1,126.4,3.8,,,,,12.66,0.70
J0131-7310,0.3481,33.2,59026.1,1200,947,0.19,19,205.2,0.1,-52.3,5.6,,,,,,
J0133-6957,0.4635,31.7,58783.9,302,141,0.39,31,22.9,0.3,20.0,5.7,,,,,,
J0134-2937,0.1370,33.1,58774.9,152,8,0.58,219,21.8,0.1,13.0,2.9,,,,,18.63,0.35
J0137+1654,0.4148,30.8,58783.9,302,,0.38,6,26.1,,,,,,,,,
J0151-0635,1.4647,30.7,58952.4,1520,,0.17,205,25.5,0.1,-6.0,2.9,,,,,36.56,0.35
J0152-1637,0.8327,31.9,58952.4,872,,0.25,312,12.0,0.1,6.6,2.9,,,,,10.20,0.18
J0206-4028,0.6306,32.3,58799.9,666,,0.25,112,13.0,0.1,2.9,3.5,,,,,10.55,0.35
J0211-8159,3.2319,29.5,58952.4,1123,,0.26,463,25.8,0.1,29.1,2.9,,,,,14.41,0.18
J0255-5304,0.4477,31.1,58775.0,548,80,0.35,687,17.9,0.1,25.7,2.9,,,,,8.09,0.18
J0302+2252,1.2071,30.3,59088.2,1239,447,0.30,294,19.0,0.1,-7.3,2.9,,,,,17.58,0.35
J0304+1932,1.3875,31.3,58775.0,1432,225,0.35,849,15.8,0.1,-8.4,2.9,,,,,15.82,0.18
J0343-3000,2.5970,29.1,58799.9,2687,738,0.18,167,20.2,0.1,37.7,3.0,,,,,28.83,0.70
J0401-7608,0.5453,32.6,58775.0,587,28,0.36,387,21.7,0.1,19.0,2.9,,,,,17.93,0.18
J0418-4154,0.7571,32.1,58805.9,797,797,0.22,41,24.3,0.2,18.7,4.6,,,,,12.66,0.70
J0421-0345,2.1612,30.7,58783.9,325,316,0.39,91,44.8,0.1,-33.6,3.2,,,,,5.62,0.18
J0448-2749,0.4504,31.8,58775.0,472,,0.34,240,26.2,0.1,-0.7,2.9,,,,,16.52,0.35
J0449-7031,0.4792,33.1,59026.1,1800,759,0.16,29,65.8,0.2,40.6,3.9,,,,,,
J0450-1248,0.4380,31.7,58805.9,466,25,0.29,78,37.3,0.1,6.8,2.9,,,,,29.88,0.70
J0452-1759,0.5489,33.1,58775.0,572,41,0.45,1233,39.7,0.1,11.1,2.9,,,,,23.91,0.18
J0455-6951,0.3204,34.1,59026.2,900,82,0.22,69,94.7,0.1,-24.2,3.3,,,,,10.55,0.70
J0456-7031,0.8002,33.4,58850.8,834,,0.25,7,100.3,,0.0,,,,,,,
J0457-6337,2.4970,29.7,58918.8,2581,,0.14,7,27.5,,14.0,9.2,,,,,,
J0459-0210,1.1330,31.6,58799.9,1176,308,0.19,265,21.0,0.1,18.0,2.9,,,,,13.71,0.18
J0502-6617,0.6913,33.4,58783.9,302,,0.42,3,68.9,,0.0,,,,,,,
J0511-6508,0.3221,32.4,58805.9,344,159,0.33,17,25.7,0.3,32.5,4.7,,,,,,
J0514-4407,0.3203,33.4,58900.7,1800,,0.17,50,15.1,0.1,17.4,3.0,,,,,,
J0517+2212,0.2223,31.6,59070.4,230,38,0.50,140,18.7,0.1,-16.0,2.9,,,,,61.5,1.1
J0519-6932,0.2632,33.2,59026.2,900,148,0.23,38,118.7,0.1,85.0,6.1,,,,,14.1,1.4
J0520-2553,0.2416,31.9,58805.9,266,37,0.39,63,33.7,0.1,-2.2,3.1,,,,,18.63,0.18
J0522-6847,0.6745,33.4,59026.2,1200,,0.12,21,126.5,0.2,-119.0,4.9,,,,,,
J0525+1115,0.3544,31.8,58775.0,371,23,0.38,223,79.4,0.1,6.7,3.0,,,,,17.23,0.18
J0529-6652,0.9757,32.8,58991.6,1006,1013,0.21,41,103.2,0.1,4.0,3.2,,,,,15.1,1.4
J0532-6639,0.6427,32.9,59026.2,1199,,0.20,11,69.3,0.3,54.0,13.4,,,,,,
J0533+0402,0.9630,30.9,58793.0,1008,235,0.25,213,83.7,0.1,-64.6,3.0,,,,,9.14,0.35
J0534-6703,1.8178,33.4,58918.8,1882,170,0.17,54,95.4,0.1,-35.2,4.0,,,,,7.38,0.70
J0536-7543,1.2459,31.1,58775.0,1297,206,0.24,832,18.6,0.1,23.8,2.9,,,,,27.42,0.35
J0540-7125,1.2860,31.2,58991.6,1328,248,0.22,52,29.4,0.1,43.0,3.2,,,,,14.77,0.35
J0543+2329,0.2460,34.6,59070.4,254,86,1.07,706,77.7,0.1,2.9,2.9,,,,,23.20,0.70
J0543-6851,0.7090,32.6,59026.2,1799,3697,0.17,9,135.3,1.0,,,,,,,,
J0555-7056,0.8278,32.6,59026.2,1799,1779,0.15,21,73.4,0.4,24.6,4.0,,,,,,
J0601-0527,0.3959,32.9,58775.0,422,,0.40,215,80.5,0.1,64.0,2.9,,,,,22.15,0.35
J0614+2229,0.3350,34.8,59070.4,346,,0.49,342,96.9,0.1,66.0,2.9,,,,,14.06,0.35
J0621+0336,0.2699,31.2,58805.9,290,16,0.42,131,72.6,0.1,45.7,3.0,,,,,7.38,0.35
J0623+0340,0.6137,31.2,58784.0,302,,0.38,3,54.0,,0.0,,,,,,,
J0624-0424,1.0390,31.5,58805.9,1098,86,0.20,555,70.8,0.1,49.0,2.9,,,,,21.80,0.18
J0627+0649,0.3465,33.2,58805.9,370,39,0.99,84,86.7,0.1,178.8,2.9,,,,,17.23,0.35
J0627+0706,0.4759,34.0,58799.9,504,,0.35,112,138.2,0.1,212.0,3.7,,,,,7.03,0.18
J0628+0909,1.2414,31.0,58850.8,1280,14836,0.21,25,88.3,0.5,129.4,4.9,,,,,,
J0629+2415,0.4766,32.9,59070.4,491,18,0.36,394,84.2,0.1,75.7,2.9,,,,,17.23,0.18
J0630-0046,0.6805,32.7,58733.4,207,,0.47,50,97.7,0.2,44.4,3.4,,,,,15.47,0.70
J0630-2834,1.2444,32.2,58805.9,1296,102,2.53,415,34.6,0.1,46.5,2.9,,,,,35.16,0.70
J0631+0646,0.1110,35.0,59000.5,1800,9026,0.16,9,195.2,0.1,105.0,4.1,,,,,,
J0631+1036,0.2878,35.2,58799.9,313,188,0.43,87,125.3,0.1,143.6,2.9,,,,,24.96,0.35
J0633+1746,0.2371,34.5,58784.0,302,,0.38,3,2.9,,,,,,,,,
J0633-2015,3.2532,30.6,59034.4,1699,1843,0.21,83,87.0,0.1,-17.6,3.0,,,,,7.73,0.18
J0636-4549,1.9847,31.2,58918.8,2048,781,0.17,116,26.3,0.2,-4.1,3.6,,,,,6.68,0.35
J0646+0905,0.9039,31.6,58805.9,946,68,0.23,320,149.8,,-149.7,2.9,10.030,0.030,3.460,0.050,16.88,0.35
J0647+0913,1.2349,32.1,59034.4,1300,309,0.21,99,157.2,0.1,-121.1,3.3,,,,,9.14,0.70
J0652-0142,0.9240,30.9,58784.0,302,221,0.41,23,116.3,0.6,36.2,3.9,,,,,,
J0656-2228,1.2247,29.8,58775.0,1271,357,0.21,99,32.5,0.1,83.0,3.2,,,,,8.44,0.70
J0656-5449,0.1832,32.3,58617.5,208,,0.48,19,66.1,0.2,10.3,5.5,,,,,18.3,2.1
J0658+0022,0.5633,33.3,58850.8,585,1878,0.27,11,114.6,0.9,81.6,5.9,,,,,,
J0659+1414,0.3849,34.6,58775.0,402,176,0.43,107,13.9,0.1,22.7,2.9,,,,,29.5,1.1
J0709-5923,0.4853,31.6,58991.6,504,,0.30,91,65.6,0.1,7.4,3.3,,,,,7.03,0.18
J0711+0931,2.4282,30.0,59034.4,638,,0.28,64,46.2,0.3,62.7,3.0,,,,,6.15,0.35
J0719-2545,0.9747,32.5,58805.9,1018,115,0.22,252,253.9,0.1,156.6,2.9,,,,,10.20,0.18
J0725-1635,0.4243,31.7,58784.0,303,,0.39,146,98.9,0.1,148.3,3.1,,,,,8.79,0.35
J0726-2612,3.4425,32.4,59034.4,1800,4493,0.27,86,69.4,0.1,119.5,3.2,,,,,15.47,0.70
J0729-1448,0.2517,35.4,58800.0,274,30,0.40,47,91.9,0.1,46.0,2.9,,,,,24.96,0.70
J0729-1836,0.5101,33.7,58775.1,532,332,0.56,212,61.3,0.1,51.0,2.9,,,,,17.58,0.35
J0733-2345,1.7963,31.6,58918.9,1856,,0.18,62,189.6,0.2,248.4,4.0,,,,,11.60,0.18
J0737-2202,0.3204,33.8,58617.5,208,89,0.53,18,95.7,0.1,162.7,3.3,,,,,31.3,1.1
J0738-4042,0.3749,33.0,58805.9,411,32,0.56,3462,160.7,0.1,12.1,2.9,,,,,37.62,0.18
J0742-2822,0.1668,35.1,58589.8,504,9,1.58,740,73.8,0.1,149.9,2.9,,,,,15.47,0.18
J0746-4529,2.7911,31.5,59034.5,1460,254,0.20,109,134.6,0.1,139.6,3.2,,,,,8.79,0.18
J0749-4247,1.0955,31.5,58991.7,1136,233,0.21,226,104.2,0.1,116.2,2.9,,,,,8.79,0.18
J0758-1528,0.6822,32.3,58775.1,713,,0.31,641,63.2,0.1,55.0,2.9,,,,,5.98,0.18
J0804-3647,2.1921,31.2,59035.5,1137,814,0.24,62,186.8,0.1,252.2,4.1,,,,,6.68,0.18
J0807-5421,0.5266,32.0,58882.1,546,,0.29,92,165.9,0.1,-53.2,3.2,,,,,11.60,0.18
J0808-3937,0.8664,31.4,58950.8,898,433,0.23,41,169.3,0.2,123.4,3.9,,,,,12.7,1.1
J0809-4753,0.5472,32.9,58775.2,572,18,0.34,487,228.7,0.1,105.0,2.9,,,,,16.52,0.35
J0812-3905,0.4826,31.2,58950.8,506,89,0.32,30,328.3,0.1,87.5,3.1,,,,,35.2,1.4
J0815+0939,0.6451,31.3,58784.1,302,,0.36,8,52.7,1.5,53.1,4.4,,,,,,
J0818-3049,0.7638,31.7,58950.9,801,,0.24,34,118.2,0.2,103.2,3.3,,,,,39.4,1.4
J0818-3232,2.1611,30.5,58832.0,2224,248,0.49,237,131.8,0.1,25.2,3.0,,,,,7.03,0.18
J0820-1350,1.2381,31.6,58859.0,1308,71,0.31,1212,40.9,0.1,-1.2,2.9,,,,,9.84,0.18
J0820-3826,0.1248,34.7,58850.8,138,67,0.62,16,195.6,0.1,128.7,3.6,,,,,36.6,2.8
J0820-3921,1.0736,32.6,58950.9,816,329,0.26,53,179.4,0.1,137.9,3.0,,,,,35.5,1.4
J0820-4114,0.5454,30.7,58775.2,572,17,0.31,140,113.4,0.1,57.7,2.9,,,,,115.31,0.70
J0821-4221,0.3967,33.3,58852.8,410,,0.37,54,270.6,0.1,273.7,3.0,,,,,21.09,0.70
J0823+0159,0.8648,30.8,58793.0,931,,0.28,478,23.6,0.1,13.0,2.9,,,,,13.71,0.35
J0828-3417,1.8490,30.8,58569.0,504,,0.33,10,52.2,11.5,59.0,4.0,,,,,,
J0831-4406,0.3117,33.2,58733.4,208,65,0.58,89,254.0,0.1,554.4,3.3,,,,,17.9,1.1
J0834-4159,0.1211,35.0,58991.7,900,,0.25,6,240.0,,-377.0,16.2,,,,,,
J0835-3707,0.5414,33.4,58733.5,207,97,0.57,133,112.3,0.1,61.9,4.5,,,,,7.03,0.35
J0835-4510,0.0894,36.8,58950.9,307,,3.74,11753,68.0,0.1,39.4,2.9,,,,,15.12,0.18
J0836-4233,1.4768,31.2,58850.8,770,477,0.30,20,181.0,0.4,,,,,,,,
J0837+0610,1.2737,32.1,58775.2,1322,113,0.38,669,13.0,0.1,25.3,2.9,,,,,9.49,0.18
J0837-2454,0.6295,,59264.0,598,,0.26,77,143.2,0.1,362.0,3.0,,,,,,
J0837-4135,0.7516,32.5,58775.2,782,86,0.76,7878,147.3,0.1,145.0,2.9,,,,,5.27,0.18
J0838-2621,0.3086,31.7,58784.0,302,40,0.39,31,116.9,0.1,102.4,3.4,,,,,42.2,1.4
J0840-5332,0.7206,32.2,58850.9,746,,0.28,248,157.4,0.1,81.0,2.9,,,,,15.82,0.18
J0842-4851,0.6443,33.1,58805.9,674,,0.13,169,196.7,0.1,145.0,4.1,,,,,7.38,0.18
J0843-5022,0.2089,32.9,58832.1,219,,0.48,39,178.5,0.1,157.9,3.4,,,,,19.0,1.4
J0846-3533,1.1160,31.7,58852.8,1154,,0.23,637,94.2,0.1,136.5,2.9,,,,,24.26,0.18
J0847-4316,5.9778,31.3,59034.5,3119,,0.24,177,288.1,0.1,488.9,3.0,,,,,4.92,0.18
J0849-6322,0.3679,32.8,58850.9,377,,0.32,71,91.3,0.1,-91.0,3.0,,,,,23.9,1.1
J0855-3331,1.2675,32.1,58832.0,1307,232,0.21,431,86.4,0.1,,,,,,,8.09,0.18
J0855-4644,0.0647,36.0,58850.8,202,436,0.56,9,236.7,0.1,226.2,3.6,,,,,,
J0855-4658,0.5751,33.4,58991.7,599,79,0.34,49,471.9,0.1,385.2,3.3,,,,,14.8,1.4
J0856-6137,0.9625,31.9,58852.8,995,74,0.21,270,95.7,0.1,-113.7,2.9,,,,,14.06,0.35
J0857-4424,0.3268,34.4,58806.0,353,38,0.39,69,184.0,0.1,162.4,3.2,,,,,19.34,0.70
J0901-4624,0.4420,34.6,58836.8,459,194,0.35,84,198.9,0.1,266.8,3.0,,,,,28.48,0.35
J0902-6325,0.6603,31.2,58851.0,682,,0.33,263,72.7,0.1,-59.2,2.9,,,,,15.12,0.18
J0904-4246,0.9651,31.9,58832.0,994,145,0.24,287,145.8,0.1,284.0,2.9,,,,,11.60,0.18
J0904-7459,0.5496,32.0,58775.2,572,,0.32,183,49.2,0.1,6.8,2.9,,,,,19.69,0.70
J0905-4536,0.9882,30.8,58852.8,1019,153,0.23,107,196.2,0.1,153.0,2.9,,,,,69.26,0.70
J0905-5127,0.3463,34.4,58806.0,369,58,0.40,92,196.2,0.1,291.0,3.0,,,,,11.60,0.18
J0905-6019,0.3408,32.7,58784.1,202,65,0.46,60,91.6,0.1,-67.2,4.1,,,,,14.06,0.70
J0907-5157,0.2536,33.6,58775.2,272,19,0.69,593,103.6,0.1,-23.3,2.9,,,,,33.05,0.35
J0908-1739,0.4016,32.6,58784.1,422,,0.34,209,15.9,0.1,-32.1,3.0,,,,,20.04,0.35
J0908-4913,0.1068,35.7,58775.2,112,10,0.95,951,180.6,0.1,10.0,2.9,,,,,14.77,0.18
J0909-7212,1.3629,30.7,58851.0,1408,,0.22,405,54.3,0.1,-18.0,2.9,,,,,22.15,0.18
J0912-3851,1.5260,31.6,58836.8,1575,906,0.18,79,71.8,0.1,85.0,3.1,,,,,10.55,0.18
J0919-6040,1.2170,29.3,58950.9,1259,382,0.21,86,81.1,0.2,-80.8,3.1,,,,,13.0,1.8
J0922+0638,0.4306,33.8,59088.2,900,30,0.46,851,27.2,0.1,29.2,2.9,,,,,11.60,0.18
J0922-4949,0.9504,33.7,58950.9,987,100,0.24,400,237.3,0.1,-15.0,2.9,,,,,9.84,0.35
J0924-5302,0.7463,33.5,58832.1,771,,0.42,362,153.4,0.1,116.6,2.9,,,,,10.90,0.18
J0924-5814,0.7395,32.7,58775.2,772,154,0.63,216,57.1,0.1,-45.0,2.9,,,,,39.73,0.70
J0927+2345,0.7619,31.4,59070.4,971,,0.21,31,17.2,0.2,8.0,4.5,,,,,,
J0930-2301,1.8072,31.3,59035.5,937,2468,0.22,23,78.3,0.3,-103.6,4.9,,,,,,
J0932-3217,1.9315,30.1,58784.0,302,,0.45,102,102.7,0.1,248.1,3.4,,,,,,
J0932-5327,4.3924,30.6,59035.5,2300,836,0.20,85,118.6,0.2,63.2,3.0,,,,,6.68,0.18
J0934-4154,0.5704,31.8,58991.7,599,79,0.28,46,113.8,0.1,-11.5,3.1,,,,,17.23,0.70
J0934-5249,1.4447,31.8,58793.0,1491,229,0.34,449,100.3,0.1,2.0,2.9,,,,,10.55,0.18
J0940-5428,0.0876,36.3,58806.0,106,,0.66,24,134.8,0.1,-31.0,3.0,,,,,42.2,2.8
J0941-5244,0.6586,32.2,58950.9,683,57,0.28,86,158.2,0.1,-196.4,3.0,,,,,13.36,0.35
J0942-5552,0.6644,33.5,58775.3,691,,0.40,1025,180.2,0.1,-61.9,2.9,,,,,24.96,0.18
J0942-5657,0.8081,33.5,58849.2,835,52,0.37,249,160.1,0.1,141.5,2.9,,,,,5.98,0.18
J0943+1631,1.0874,30.4,58859.0,1123,358,0.21,43,19.4,0.1,17.4,3.1,,,,,47.8,5.6
J0943+2253,0.5330,31.4,59070.4,549,208,0.27,30,27.3,0.2,16.4,4.1,,,,,,
J0944-1354,0.5702,31.0,58859.1,594,16,0.40,478,12.6,0.1,-7.0,2.9,,,,,6.68,0.35
J0945-4833,0.3316,33.7,58784.1,202,101,0.47,50,98.1,0.1,-1.1,3.0,,,,,12.30,0.70
J0949-6902,0.6400,32.0,58950.9,666,97,0.27,111,93.2,0.1,-41.0,4.1,,,,,8.44,0.35
J0952-3839,1.3737,30.9,58793.0,1464,,0.19,121,162.9,0.1,331.7,3.0,,,,,18.28,0.70
J0953+0755,0.2530,32.7,58859.0,267,97,5.83,339,2.9,0.1,-0.7,3.0,,,,,29.88,0.35
J0954-5430,0.4728,34.2,58836.9,490,187,0.33,109,201.2,0.1,91.7,2.9,,,,,13.36,0.35
J0955-5304,0.8621,32.3,58850.9,902,,0.31,404,156.7,0.1,-130.5,2.9,,,,,12.66,0.35
J0957-5432,0.2036,34.0,58784.1,303,56,0.40,43,226.4,0.1,57.3,3.3,,,,,11.25,0.70
J0959-4809,0.6701,31.0,58775.3,703,,0.25,95,92.7,0.1,38.5,2.9,,,,,64.34,0.70
J1000-5149,0.2557,33.4,58678.7,202,26,0.51,91,73.1,0.1,34.2,2.9,,,,,12.30,0.35
J1001-5507,1.4366,32.8,58775.3,1480,83,0.88,1260,130.3,0.1,270.1,2.9,,,,,6.68,0.18
J1001-5559,1.6611,30.9,58832.1,1713,128,0.29,352,158.0,0.1,129.0,2.9,,,,,11.95,0.18
J1001-5939,7.7340,30.7,59035.5,3985,1078,0.44,200,107.3,0.1,-9.8,3.0,,,,,5.62,0.35
J1002-5919,0.7135,31.0,58850.8,738,,0.26,25,348.9,0.1,192.5,3.3,,,,,,
J1003-4747,0.3071,33.4,58806.0,329,45,0.36,130,98.5,0.1,52.0,3.0,,,,,19.69,0.35
J1006-6311,0.8358,31.6,58938.7,608,1536,0.28,20,196.2,0.2,-62.8,5.7,,,,,,
J1012-2337,2.5181,30.3,59035.5,1320,730,0.19,50,23.0,0.6,52.0,4.1,,,,,11.95,0.70
J1012-5830,2.1336,32.2,58918.9,2201,5809,0.18,46,292.3,0.1,296.5,4.6,,,,,5.6,1.4
J1012-5857,0.8199,33.1,58775.3,852,167,0.34,439,382.8,0.1,49.2,3.0,,,,,9.84,0.18
J1013-5934,0.4429,32.4,58852.9,458,59,0.29,231,379.5,0.1,-97.0,2.9,,,,,29.18,0.35
J1015-5719,0.1399,35.9,58775.3,153,35,0.83,25,277.8,0.1,108.0,2.9,,,,,161.7,5.6
J1016-5345,0.7695,32.2,58850.9,795,105,0.28,321,67.3,0.1,-21.0,2.9,,,,,7.38,0.18
J1016-5819,0.0878,34.6,58617.5,192,179,0.71,13,252.2,0.1,104.3,4.2,,,,,,
J1016-5857,0.1074,36.4,58806.0,122,131,0.77,11,393.7,0.1,-514.8,3.3,,,,,,
J1017-5621,0.5035,33.0,58775.3,527,181,0.37,584,437.9,0.1,332.8,2.9,,,,,9.49,0.18
J1018-1642,1.8046,31.1,58859.1,1856,269,0.20,182,49.1,0.1,-41.4,3.0,,,,,9.84,0.18
J1019-5749,0.1625,35.3,58775.3,173,,1.03,12,1040.0,,-331.7,3.1,,,,,,
J1020-5921,1.2383,32.9,58850.8,1283,,0.25,137,79.6,0.1,-53.0,3.0,,,,,9.84,0.35
J1020-6026,0.1405,35.0,58617.5,120,,0.70,4,446.0,,,,,,,,,
J1021-5601,0.6700,30.8,58850.8,699,116,0.28,17,220.0,0.4,,,,,,,,
J1028-5819,0.0914,35.9,58836.9,98,,0.87,79,96.5,0.1,-5.0,3.1,,,,,,
J1031-6117,0.3064,33.4,58850.8,522,309,0.32,19,506.3,0.1,-8.7,4.6,,,,,,
J1032-5206,2.4076,31.7,58918.9,2486,305,0.21,137,139.4,0.1,9.4,2.9,,,,,10.20,0.35
J1034-3224,1.1505,30.8,58775.3,1189,,0.22,207,51.4,0.1,-45.1,2.9,,,,,95.62,0.70
J1035-6345,0.5796,31.9,58850.9,603,69,0.29,69,189.5,0.1,-16.7,3.2,,,,,8.09,0.35
J1036-4926,0.5103,32.7,58832.1,531,67,0.35,110,136.4,0.1,-11.0,3.0,,,,,11.95,0.18
J1036-6559,0.5335,32.5,58950.9,554,114,0.28,55,158.4,0.1,-88.0,3.5,,,,,10.90,0.35
J1038-5831,0.6620,32.2,58775.3,719,,0.51,179,72.8,0.1,-29.8,2.9,,,,,11.25,0.18
J1041-1942,1.3863,31.1,58793.0,1462,192,0.23,1041,33.6,0.1,-22.8,2.9,,,,,16.17,0.18
J1042-5521,1.1708,32.2,58844.3,1210,107,0.25,363,306.7,0.1,180.9,2.9,,,,,11.60,0.18
J1043-6116,0.2886,34.2,58810.5,306,255,0.42,143,448.8,0.1,189.7,3.1,,,,,14.41,0.35
J1046-5813,0.3694,33.0,58810.5,385,36,0.39,149,240.0,0.1,133.0,3.0,,,,,13.36,0.35
J1047-3032,0.3303,31.8,58850.9,347,,0.35,42,52.5,0.1,-19.3,3.0,,,,,46.4,2.8
J1047-6709,0.1985,33.9,58775.3,212,,0.63,177,116.3,0.1,-79.3,2.9,,,,,18.98,0.70
J1048-5832,0.1237,36.3,59090.5,900,46,0.31,536,128.7,0.1,-155.0,2.9,,,,,37.97,0.35
J1048-5838,1.2314,32.4,59054.7,1399,13060,0.29,32,70.0,0.3,-14.9,4.9,,,,,120,108
J1049-5833,2.2023,31.2,58806.0,2283,538,0.18,270,448.8,0.1,344.6,2.9,,,,,8.79,0.18
J1052-5954,0.1806,35.1,58850.9,194,,0.66,7,491.9,,-279.2,4.5,,,,,,
J1052-6348,0.3838,32.4,58850.9,482,,0.31,22,166.8,0.1,-27.0,3.3,,,,,,
J1054-5943,0.3469,33.6,58784.1,202,18,0.62,93,330.6,0.1,129.0,4.1,,,,,6.33,0.35
J1054-6452,1.8399,31.3,58918.9,1898,109,0.17,186,231.2,0.1,96.3,2.9,,,,,6.68,0.35
J1055-6028,0.0997,36.1,58810.5,105,,0.85,27,637.2,0.1,355.6,3.4,2.360,0.080,4.50,0.40,32.3,2.8
J1055-6236,0.4486,32.5,58850.9,466,284,0.34,23,150.7,0.1,-25.7,5.8,,,,,,
J1055-6905,2.9193,31.5,58923.6,3007,1096,0.13,134,142.4,0.1,-86.6,3.1,,,,,10.20,0.35
J1056-5709,0.6760,31.9,58850.9,706,288,0.29,23,436.9,0.2,,,,,,,,
J1056-6258,0.4225,33.3,58775.3,443,29,1.20,748,320.7,0.1,4.0,2.9,,,,,30.59,0.18
J1057-4754,0.6283,31.6,58882.1,303,,0.43,62,57.2,0.1,-5.0,4.2,,,,,,
J1057-5226,0.1971,34.5,58655.7,5402,98,0.31,706,29.7,0.1,47.2,2.9,,,,,33.05,0.35
J1057-7914,1.3474,31.3,58810.5,1394,280,0.18,309,51.6,0.1,-22.2,2.9,,,,,11.25,0.18
J1058-5957,0.6163,32.0,58810.5,643,,0.35,70,334.0,0.1,65.9,3.6,,,,,12.30,0.35
J1059-5742,1.1850,32.0,58793.0,1248,,0.33,730,108.6,0.1,-57.8,2.9,,,,,9.49,0.35
J1103-6025,0.3966,32.8,58850.9,419,227,0.47,50,275.9,0.1,520.1,3.2,,,,,8.1,1.1
J1104-6103,0.2809,33.5,58784.1,203,,0.90,60,78.5,0.1,-11.1,3.0,,,,,17.9,1.1
J1105-6107,0.0632,36.4,58810.5,98,16,1.04,37,271.7,0.1,195.1,2.9,,,,,23.20,0.70
J1106-6438,2.7179,30.7,58923.7,2800,863,0.14,161,204.9,0.1,66.9,3.1,,,,,5.62,0.18
J1107-5907,0.2528,31.3,58655.7,1026,,0.23,29,40.2,0.1,25.9,3.2,,,,,276,65
J1110-5637,0.5583,32.7,58775.3,581,,0.63,231,261.7,0.1,419.0,2.9,,,,,17.93,0.18
J1112-6103,0.0650,36.7,58775.4,95,16,1.31,11,596.9,0.1,251.8,4.3,33.0,3.0,3.80,0.20,,
J1112-6613,0.3342,32.9,58831.1,347,7,0.38,174,249.1,0.1,-132.0,2.9,,,,,22.15,0.70
J1112-6926,0.8205,32.3,58838.3,851,47,0.25,165,148.7,0.1,-50.1,3.0,,,,,15.12,0.35
J1114-6100,0.8809,33.4,58775.4,914,104,0.41,268,680.0,0.1,-6720.0,2.9,28.30,0.10,3.140,0.020,27.42,0.70
J1115-6052,0.2598,34.2,58850.9,275,81,0.57,35,227.6,0.1,262.3,3.0,,,,,14.1,2.8
J1116-2444,0.8680,31.8,58938.8,602,202,0.25,63,29.7,0.1,1.3,3.8,,,,,14.06,0.35
J1116-4122,0.9431,32.6,58851.0,978,166,0.31,674,40.5,0.1,-23.2,2.9,,,,,7.73,0.18
J1117-6154,0.5051,33.6,58831.1,523,135,0.45,153,493.4,0.1,-622.0,3.0,,,,,18.28,0.35
J1119-6127,0.4103,36.4,58810.5,427,54,0.45,26,706.1,0.3,853.0,2.9,,,,,49.2,2.8
J1119-7936,2.2806,31.1,58844.3,2352,860,0.18,428,26.3,0.1,-11.0,2.9,,,,,8.09,0.18
J1121-5444,0.5358,32.9,58851.0,553,13,0.52,150,204.7,0.1,42.0,2.9,,,,,17.23,0.18
J1123-4844,0.2448,32.3,58832.1,259,27,0.42,321,93.7,0.1,-7.0,2.9,,,,,19.34,0.18
J1123-6102,0.6402,33.0,58838.2,667,63,0.35,142,439.1,0.1,244.0,2.9,,,,,13.36,0.35
J1123-6259,0.2714,34.0,58849.4,282,52,0.47,38,223.3,0.1,54.0,3.0,,,,,18.28,0.70
J1123-6651,0.2330,33.9,58851.0,243,80,0.47,17,111.2,0.1,-71.5,3.7,,,,,,
J1124-5638,0.1855,31.7,58849.4,203,,0.49,15,290.5,0.1,106.9,3.5,,,,,,
J1124-5916,0.1358,37.1,58938.8,602,,0.39,4,329.2,,,,,,,,,
J1124-6421,0.4791,32.3,58849.4,498,,0.35,31,298.4,0.1,,,,,,,19.7,2.8
J1126-6054,0.2027,33.1,58755.2,207,41,0.52,100,280.3,0.1,1.4,3.3,,,,,16.52,0.70
J1126-6942,0.5794,32.8,58596.1,215,91,0.53,191,55.3,0.1,-31.0,3.1,,,,,15.47,0.35
J1130-5826,0.1623,32.2,58849.4,187,65,0.52,25,261.5,0.1,266.5,4.2,,,,,,
J1130-5925,0.6809,32.1,58849.4,705,,0.27,22,266.3,0.1,294.6,5.0,,,,,,
J1132-4700,0.3256,32.9,58861.1,339,64,0.34,35,123.0,0.1,-67.0,3.2,,,,,30.9,1.4
J1132-5627,0.1752,32.7,58861.1,674,,0.28,60,305.6,0.1,186.0,3.7,,,,,13.01,0.35
J1133-6250,1.0229,31.2,58793.0,1058,103,0.27,233,568.5,0.1,848.0,2.9,,,,,122.7,1.1
J1136+1551,1.1878,31.9,58859.1,1226,428,1.05,1932,4.8,0.1,4.0,2.9,,,,,10.20,0.18
J1136-5525,0.3647,33.8,58784.1,382,41,0.50,305,85.1,0.1,28.0,2.9,,,,,25.31,0.18
J1137-6700,0.5562,31.2,58793.0,610,,0.30,61,228.0,0.1,-32.5,2.9,,,,,76.3,1.4
J1138-6207,0.1176,35.5,58861.1,130,,0.77,11,519.7,0.2,605.9,3.4,26.0,2.0,3.80,0.20,,
J1141-3107,0.5384,32.7,58832.1,555,,0.29,77,30.9,0.1,-26.0,3.0,,,,,17.23,0.35
J1141-3322,0.2914,32.9,58849.2,307,75,0.38,101,46.4,0.1,-36.0,2.9,,,,,26.72,0.70
J1141-6545,0.3941,33.4,58947.9,2049,24,0.17,638,116.1,0.1,-84.0,2.9,,,,,13.71,0.18
J1142-6230,0.5584,31.3,58831.9,578,,0.48,28,348.3,0.1,182.5,3.4,,,,,23.91,0.70
J1143-5158,0.6756,31.9,58831.9,697,,0.25,105,158.9,0.1,-68.4,3.8,,,,,9.49,0.70
J1143-5536,0.6853,31.8,58831.9,715,,0.27,71,185.0,0.1,32.1,3.6,,,,,10.90,0.35
J1144-6217,0.8506,33.3,58832.0,883,,0.28,87,283.6,0.1,190.6,3.2,,,,,13.01,0.70
J1146-6030,0.2734,33.5,58784.1,291,,0.63,232,111.7,0.1,4.0,2.9,,,,,18.98,0.35
J1148-5725,3.5599,31.0,58938.1,3664,,0.13,87,177.1,0.1,212.3,3.4,,,,,5.62,0.35
J1151-6108,0.1016,35.6,58923.7,3491,1675,0.13,17,217.7,0.1,183.0,3.1,,,,,,
J1152-6012,0.3766,33.7,58832.0,394,189,0.34,40,70.6,0.1,-52.6,3.2,,,,,18.3,1.4
J1154-6250,0.2820,33.0,58832.0,1042,611,0.26,14,68.9,0.3,-15.7,3.3,,,,,,
J1156-5707,0.2884,34.6,58832.0,306,100,0.39,49,243.5,0.1,239.3,3.4,,,,,17,11
J1156-5909,1.0379,31.6,58938.8,610,,0.31,4,219.2,,0.0,,,,,,,
J1157-6224,0.4005,33.4,58784.1,423,50,0.40,718,324.3,0.1,508.2,2.9,,,,,34.10,0.18
J1159-6409,0.6674,30.5,58861.1,691,,0.31,38,173.5,0.1,280.5,2.9,,,,,131.8,2.1
J1159-7910,0.5251,32.9,58859.2,547,117,0.36,73,59.3,0.1,-11.0,3.1,,,,,13.36,0.35
J1201-6306,0.5921,32.8,58861.1,617,,0.37,25,681.4,0.1,,,,,,,,
J1202-5820,0.4528,33.0,58832.1,467,38,0.45,328,145.7,0.1,139.0,2.9,,,,,11.95,0.18
J1204-6843,0.3088,32.5,58861.1,322,44,0.42,46,133.9,0.1,-80.1,3.3,,,,,13.71,0.70
J1210-5559,0.2798,33.1,58784.2,293,29,0.42,340,174.3,0.1,58.0,2.9,,,,,8.79,0.18
J1210-6550,4.2372,29.3,59035.6,2200,1026,0.17,92,36.0,0.3,-27.0,3.4,,,,,6.33,0.70
J1211-6324,0.4331,32.1,58739.5,206,45,0.60,38,333.4,0.1,-261.8,3.2,,,,,17.93,0.35
J1214-5830,0.9098,30.4,58861.1,947,,0.31,72,141.1,0.1,209.4,3.9,,,,,6.68,0.35
J1215-5328,0.6364,31.3,58861.2,659,,0.28,79,162.5,0.1,32.1,2.9,,,,,29.18,0.70
J1216-6223,0.3740,34.1,58868.9,393,,0.56,11,787.9,0.2,,,,,,,,
J1220-6318,0.7893,30.8,58689.7,902,531,0.30,50,349.2,0.1,258.4,2.9,,,,,35.16,0.70
J1222-5738,1.0811,30.7,58900.8,1123,77,0.21,73,67.7,0.1,26.0,3.0,,,,,5.62,0.18
J1224-6208,0.5858,33.6,58739.5,207,101,0.53,29,452.4,0.1,37.1,3.1,,,,,11.60,0.70
J1224-6407,0.2165,34.3,58784.2,232,22,0.87,581,97.7,0.1,-3.6,2.9,,,,,13.71,0.18
J1225-5556,1.0184,31.9,58900.8,1056,,0.22,78,125.6,0.1,75.6,3.1,,,,,10.90,0.35
J1225-6035,0.6263,31.7,58868.9,648,,0.33,150,175.2,0.1,103.1,3.3,,,,,4.57,0.18
J1225-6408,0.4196,32.7,58838.3,435,21,0.39,219,413.2,0.1,344.2,2.9,,,,,17.58,0.70
J1231-4609,0.8772,30.3,58851.0,907,101,0.24,90,67.4,0.1,-3.0,2.9,,,,,21.80,0.35
J1232-4742,1.8730,28.9,58950.9,1800,722,0.16,125,25.3,0.2,-50.2,2.9,,,,,66.1,1.4
J1233-6312,0.5648,33.2,58739.5,205,654,0.59,7,414.9,0.7,687.9,3.7,,,,,,
J1233-6344,0.7568,32.5,58868.9,969,,0.27,28,503.6,0.1,,,,,,,,
J1234-3630,0.5692,32.3,58938.8,602,128,0.26,49,59.3,0.1,-74.5,4.0,,,,,13.01,0.70
J1235-6354,0.2568,32.7,58868.9,442,,0.40,22,439.6,0.1,69.2,3.6,,,,,,
J1236-5033,0.2947,32.4,58832.1,307,50,0.45,41,105.0,0.1,49.0,3.2,,,,,20.04,0.70
J1237-6725,2.1109,31.0,58923.7,2175,236,0.24,244,176.8,0.1,62.4,3.0,,,,,6.68,0.18
J1239+2453,1.3825,31.1,59070.5,1424,256,0.59,1132,9.3,0.1,-0.1,2.9,,,,,13.71,0.18
J1239-6832,1.3019,32.3,58838.3,1346,196,0.33,196,94.1,0.1,-49.0,3.0,,,,,10.55,0.18
J1240-4124,0.5122,32.7,58851.0,531,105,0.29,132,43.2,0.1,27.3,3.2,,,,,6.68,0.18
J1243-5735,0.4712,31.5,58868.9,489,,0.37,26,270.6,0.1,188.3,4.9,,,,,,
J1243-6423,0.3885,33.5,58784.2,411,35,1.35,2417,297.0,0.1,157.8,2.9,,,,,7.38,0.18
J1244-5053,0.2752,33.3,58900.8,290,,0.44,44,110.0,0.1,12.3,3.7,,,,,,
J1244-6359,0.1473,31.7,59052.7,900,651,0.31,11,284.5,0.1,188.4,4.0,,,,,,
J1245-6238,2.2830,31.6,58923.8,2351,562,0.19,54,334.7,0.1,-250.2,3.2,,,,,11.95,0.35
J1246+2253,0.4739,31.5,59070.5,489,72,0.32,148,17.8,0.1,3.6,3.2,,,,,12.30,0.35
J1248-6344,0.1983,34.9,58869.0,426,,0.46,11,433.0,0.2,,,,,,,,
J1248-6444,1.2348,31.6,58852.9,1275,351,0.24,58,237.3,0.1,212.7,3.0,,,,,17.93,0.35
J1249-6507,0.4344,30.8,58852.9,682,592,0.30,21,212.3,0.1,249.1,3.6,,,,,,
J1251-7407,0.3270,32.6,58852.9,347,72,0.35,50,89.8,0.1,-121.0,3.5,,,,,10.90,0.70
J1252-6314,0.8233,30.9,58831.2,851,,0.31,91,276.9,0.1,342.1,3.0,,,,,17.58,0.35
J1253-5820,0.2555,33.7,58787.1,273,15,0.58,320,100.6,0.1,17.7,2.9,,,,,17.23,0.35
J1254-6150,0.1845,33.6,58852.9,242,312,0.50,18,95.0,0.1,-27.2,3.4,,,,,,
J1255-6131,0.6579,32.7,58852.9,682,1028,0.32,51,206.8,0.1,7.0,4.4,,,,,10.20,0.35
J1257-1027,0.6172,31.8,58859.1,662,40,0.27,697,29.4,0.1,1.0,2.9,,,,,18.63,0.35
J1259-6741,0.6633,32.1,58838.3,691,125,0.32,177,92.0,0.1,-55.7,2.9,,,,,14.06,0.35
J1301-6305,0.1847,36.2,58852.9,195,162,0.62,9,376.5,0.3,-631.0,3.1,,,,,,
J1301-6310,0.6638,33.9,58852.9,691,348,0.34,21,86.6,0.2,17.2,3.4,,,,,,
J1302-6350,0.0478,35.9,58851.0,50,7,1.33,23,146.6,0.1,14.9,2.9,,,,,,
J1303-6305,2.3065,30.8,58923.8,2373,,0.23,133,339.4,0.1,-777.5,3.5,,,,,11.25,0.18
J1305-6203,0.4278,34.2,58810.5,451,,0.39,38,470.0,0.1,-476.9,3.0,10.40,0.20,3.10,0.20,26.4,2.5
J1305-6455,0.5716,32.9,58832.1,594,12,0.34,270,505.0,0.1,-420.0,2.9,,,,,30.59,0.70
J1306-6242,0.9819,32.4,58852.9,1016,858,0.36,12,478.6,0.5,-755.0,4.6,,,,,,
J1306-6617,0.4730,33.3,58787.1,491,41,0.37,259,438.2,0.1,396.0,2.9,,,,,43.95,0.35
J1308-4650,1.0588,31.2,58938.8,600,375,0.28,28,68.4,0.3,-5.3,3.3,,,,,21.1,1.4
J1308-5844,0.4647,33.5,58739.5,206,27,0.51,72,203.6,0.1,9.1,3.1,,,,,9.84,0.35
J1309-6526,0.3983,31.0,58853.0,418,186,0.40,17,342.2,0.1,,,,,,,,
J1311-1228,0.4475,31.8,58901.2,467,,0.31,129,36.2,0.1,-13.0,3.0,,,,,9.14,0.18
J1312-5402,0.7281,31.2,58938.8,609,114,0.28,93,135.5,0.1,191.7,2.9,,,,,19.69,0.35
J1312-5516,0.8492,32.6,58938.8,603,74,0.31,292,134.7,0.1,134.1,2.9,,,,,14.77,0.35
J1312-6400,2.4373,30.3,58838.3,2515,895,0.23,164,90.8,0.1,7.1,3.0,,,,,7.38,0.18
J1313+0931,0.8489,31.7,58938.8,603,,0.29,48,12.0,0.1,2.3,3.8,,,,,,
J1316-6232,0.3428,33.7,58851.0,355,,0.63,14,972.0,0.5,,,1099,25,4.4350,0.0030,,
J1317-5759,2.6421,31.4,58938.8,607,,0.33,5,145.3,,0.0,,,,,,,
J1317-6302,0.2613,32.4,58810.5,275,12,0.62,53,677.7,0.1,-515.9,3.6,,,,,33.8,1.8
J1319-6056,0.2843,33.4,58816.6,298,8,0.50,138,400.7,0.1,-280.6,2.9,,,,,15.47,0.35
J1319-6105,0.4211,32.9,58832.1,435,,0.39,87,441.8,0.1,-481.4,2.9,7.050,0.080,3.50,0.10,23.20,0.70
J1320-3512,0.4585,29.9,58838.2,475,,0.34,292,16.9,,-7.8,2.9,,,,,23.55,0.35
J1320-5359,0.2797,34.2,58810.5,299,,0.43,137,97.3,0.1,148.1,2.9,,,,,18.63,0.18
J1321-5922,1.2790,31.7,58900.8,1320,,0.22,61,383.0,0.1,57.6,4.2,,,,,,
J1322-6241,0.5060,32.9,58900.8,530,,0.40,100,619.8,0.1,102.6,3.1,,,,,9.49,0.70
J1324-6302,2.4837,30.4,58923.8,2560,,0.21,186,499.7,0.1,-31.3,3.0,,,,,13.71,0.35
J1326-5859,0.4780,33.1,58787.1,501,12,0.41,2169,287.3,0.1,-579.6,2.9,,,,,17.58,0.18
J1326-6408,0.7927,32.4,58810.5,827,,0.28,518,502.3,0.1,234.7,2.9,,,,,19.69,0.18
J1326-6700,0.5430,33.1,58787.1,564,55,0.39,505,208.9,0.1,-47.0,2.9,,,,,36.21,0.35
J1327-6222,0.5299,33.7,58787.2,554,35,0.44,2631,318.5,0.1,-323.5,2.9,,,,,12.30,0.18
J1327-6301,0.1965,33.9,58787.2,211,20,0.64,214,294.2,0.1,96.4,2.9,,,,,34.1,1.1
J1327-6400,0.2807,34.7,58882.9,306,809,0.52,21,679.0,0.1,-96.4,4.4,,,,,,
J1328-4357,0.5327,32.9,58787.2,552,41,0.41,250,41.3,0.1,-34.9,2.9,,,,,12.30,0.18
J1328-4921,1.4788,30.9,59035.7,780,134,0.27,280,117.3,0.1,159.5,3.0,,,,,16.17,0.35
J1331-5245,0.6481,31.9,58893.0,674,103,0.27,35,149.3,0.1,108.3,3.0,,,,,22.85,0.70
J1332-3032,0.6504,31.9,58893.1,675,2496,0.25,14,15.1,0.3,-9.5,4.0,,,,,146.2,1.4
J1333-4449,0.3456,29.7,58882.9,361,123,0.42,71,43.1,0.1,-37.4,3.8,,,,,9.14,0.35
J1334-5839,0.1077,32.8,58784.2,203,8,0.59,65,119.2,0.1,64.5,3.2,,,,,21.80,0.35
J1336-2522,0.4781,32.1,58938.8,609,150,0.25,57,37.4,0.1,-12.0,3.5,,,,,17.93,0.35
J1337-6306,0.2079,33.2,58893.1,1569,,0.24,19,776.7,0.1,-763.0,4.5,,,,,,
J1338-6204,1.2390,32.5,58787.2,1283,,0.26,280,642.4,0.4,-459.0,2.9,,,,,57.0,1.1
J1339-4712,0.1371,30.9,58765.7,202,,0.54,53,40.0,0.1,7.4,3.4,,,,,12.30,0.70
J1339-6618,0.5581,31.9,58893.1,578,203,0.32,30,240.1,0.1,356.8,3.2,,,,,22.5,1.4
J1340-6456,0.3786,33.6,58816.6,395,,0.54,75,76.8,0.1,-2.0,3.6,,,,,18.98,0.35
J1341-6023,0.6273,33.5,58851.0,651,55,0.32,178,364.9,0.1,-704.2,3.1,,,,,10.20,0.35
J1341-6220,0.1935,36.1,58784.2,202,,0.88,58,719.5,0.1,-945.2,2.9,23.50,0.20,4.040,0.020,52.4,3.2
J1345-6115,1.2530,31.8,58951.0,1296,220,0.36,187,280.2,0.1,-81.3,3.0,,,,,9.49,0.18
J1346-4918,0.2996,31.7,58883.0,314,33,0.42,42,74.6,0.1,,,,,,,21.09,0.70
J1347-5947,0.6099,33.4,58831.2,635,139,0.38,128,292.3,0.1,-548.0,3.0,,,,,11.95,0.35
J1349-6130,0.2594,34.1,58816.6,274,50,0.64,45,284.5,0.1,-380.0,3.2,6.40,0.10,3.90,0.10,20.4,2.1
J1350-5115,0.2957,33.1,58938.8,603,61,0.30,186,90.5,0.1,19.3,3.0,,,,,9.14,0.18
J1352-6803,0.6289,32.3,58816.6,650,145,0.31,39,215.1,0.1,30.0,3.0,,,,,23.55,0.70
J1355-5153,0.6443,32.6,58938.9,602,,0.28,451,111.3,0.1,-72.8,2.9,,,,,7.03,0.18
J1355-5925,1.2133,32.1,58883.0,1259,148,0.25,137,354.3,0.1,-451.5,3.0,,,,,13.36,0.70
J1355-6206,0.2766,30.8,58893.1,290,102,0.64,17,546.4,0.2,-411.6,3.1,,,,,,
J1356-5521,0.5074,32.3,58816.6,530,31,0.31,112,174.2,0.1,89.4,2.9,,,,,21.80,0.35
J1357-62,0.4558,,58550.2,224,,0.88,307,416.8,,-586.0,2.9,,,,,,
J1357-6429,0.1663,36.5,58856.4,179,,0.76,9,127.4,0.9,-47.0,3.3,,,,,,
J1359-6038,0.1275,35.1,58576.0,512,3,0.52,1131,293.7,0.1,33.0,2.9,,,,,15.12,0.18
J1400-6325,0.0312,37.7,58882.1,603,,0.39,3,560.8,0.5,0.0,,,,,,,
J1401-6357,0.8428,33.0,58810.6,874,,0.58,1150,97.7,0.1,54.9,2.9,,,,,7.03,0.18
J1402-5124,1.3801,,58946.1,903,,0.27,368,42.6,0.1,-8.5,2.9,,,,,,
J1403-6310,0.3992,31.7,58833.4,420,62,0.49,42,304.2,0.1,-725.2,3.1,,,,,30.9,1.1
J1403-7646,1.3062,31.3,58859.2,1346,304,0.19,143,100.9,0.1,66.4,2.9,,,,,18.98,0.35
J1404+1159,2.6504,30.5,58938.1,2736,156,0.13,213,18.5,0.1,4.0,3.1,,,,,8.09,0.18
J1405-5641,0.6175,32.3,58883.0,642,535,0.34,84,269.5,0.1,200.9,3.3,,,,,12.7,1.1
J1406-5806,0.2883,33.0,58831.2,299,1528,0.52,37,229.9,0.2,-150.0,3.0,,,,,220,97
J1406-6121,0.2131,35.3,58893.1,226,250,0.89,8,537.3,,,,48.0,1.0,4.7510,0.0040,,
J1407-6048,0.4923,33.0,58856.4,513,252,0.52,15,578.6,0.2,-201.7,5.5,,,,,26.7,2.8
J1409-6953,0.5286,32.3,58739.5,206,168,0.48,17,165.7,0.1,-19.1,4.5,,,,,,
J1410-6132,0.0501,37.0,58550.2,504,,0.81,6,960.0,,2400.0,5.9,,,,,,
J1410-7404,0.2787,31.1,58868.5,290,38,1.08,174,54.2,0.1,-4.0,3.2,,,,,4.22,0.18
J1412-6111,0.5292,32.7,58739.5,205,60,0.85,35,313.5,0.1,-82.0,3.4,,,,,14.06,0.70
J1412-6145,0.3153,35.1,58810.7,331,46,0.79,22,514.4,0.1,-54.9,3.1,19.90,0.50,4.00,0.10,37,14
J1413-6141,0.2858,35.7,58851.0,299,71,0.89,18,670.6,,-356.8,4.9,42.0,2.0,4.10,0.10,,
J1413-6222,0.2924,33.5,58831.3,306,,0.56,24,808.1,0.2,-473.4,3.0,,,,,67.5,5.6
J1413-6307,0.3949,33.7,58833.4,410,,0.51,240,121.6,0.1,44.0,3.1,,,,,7.73,0.18
J1414-6802,4.6304,30.4,59054.7,2496,,0.19,295,153.5,0.1,113.2,2.9,,,,,13.71,0.35
J1415-6621,0.3925,32.6,58893.1,410,32,0.40,112,260.2,0.1,233.4,3.1,,,,,13.01,0.35
J1416-6037,0.2956,33.8,58851.0,307,145,0.57,52,288.9,0.1,276.6,3.1,,,,,22.50,0.35
J1418-3921,1.0967,31.4,58859.1,1131,,0.21,168,60.7,0.1,-15.0,3.0,,,,,,
J1420-5416,0.9358,31.0,59052.7,960,31,0.25,174,128.8,0.1,11.2,3.0,,,,,11.60,0.35
J1420-6048,0.0682,37.0,58810.7,99,60,1.00,13,359.6,0.1,-122.0,3.1,,,,,77.3,5.6
J1423-6953,0.3334,33.2,59052.7,960,1219,0.26,97,124.1,0.1,-45.1,3.4,,,,,24.26,0.35
J1424-5556,0.7703,31.8,58883.0,803,,0.30,57,198.3,0.1,-126.5,3.8,,,,,15.82,0.35
J1424-5822,0.3667,33.5,58831.2,379,,0.47,113,323.9,0.1,-642.5,3.0,,,,,20.74,0.70
J1424-6438,1.0234,30.9,58893.1,1059,341,0.24,38,246.7,0.1,-78.5,2.9,,,,,31.29,0.35
J1425-5723,0.3532,31.3,58883.0,370,135,0.47,22,43.7,0.1,-13.9,4.2,,,,,12.66,0.70
J1425-5759,0.7078,31.9,58883.0,738,129,0.33,33,325.4,0.1,-832.0,6.2,,,,,8.79,0.35
J1425-6210,0.5017,32.2,58883.1,523,203,0.42,28,431.0,0.1,138.3,3.7,,,,,11.25,0.70
J1427-4158,1.1731,31.2,59052.7,600,182,0.30,43,65.4,0.1,,,,,,,7.03,0.18
J1428-5530,0.5703,32.6,58787.2,592,189,0.60,722,81.9,0.1,-4.5,2.9,,,,,14.06,0.35
J1429-5935,0.7639,33.6,58883.1,795,276,0.36,24,455.6,0.2,-543.8,3.8,,,,,,
J1430-6623,0.7854,32.4,58810.7,816,81,0.38,2527,65.1,0.1,-19.2,2.9,,,,,10.90,0.18
J1432-5032,2.0348,31.4,58923.9,2106,,0.03,55,112.0,0.2,11.0,3.0,,,,,114,105
J1433-6038,1.9543,31.5,58923.9,2016,545,0.22,29,409.0,0.3,-230.3,4.2,,,,,25.3,2.8
J1434-6006,0.3064,33.6,58739.5,206,,0.61,19,333.4,0.1,-364.8,4.5,,,,,25.3,7.0
J1435-5954,0.4730,32.8,58833.4,491,,0.46,74,44.0,0.1,-27.1,3.1,,,,,25.66,0.70
J1437-5959,0.0617,36.1,59049.5,3600,,0.16,8,549.6,,-705.0,3.8,,,,,,
J1437-6146,0.4677,33.4,58739.5,206,,0.60,20,200.5,0.1,136.2,5.2,,,,,,
J1440-6344,0.4596,32.7,58851.1,475,28,0.34,257,124.1,0.1,16.5,2.9,,,,,16.17,0.35
J1443-5122,0.7320,31.5,58832.2,755,154,0.26,39,87.0,0.1,43.0,3.0,,,,,41.8,2.1
J1444-6026,4.7589,30.8,59054.7,2496,,0.22,11,367.7,,0.0,26.4,,,,,,
J1449-5846,0.4633,31.5,58893.2,483,111,0.45,32,215.3,0.1,24.9,3.4,,,,,,
J1452-5851,0.3867,34.5,58739.5,205,207,0.68,17,261.2,0.1,68.1,3.2,,,,,,
J1452-6036,0.1550,34.2,58787.2,169,93,0.83,82,349.6,0.1,10.0,3.0,,,,,36.2,1.4
J1453-6413,0.1795,34.3,58810.7,195,13,0.55,1187,71.2,0.1,-18.6,2.9,,,,,15.82,0.35
J1456-6843,0.2634,32.3,58787.2,282,84,2.68,900,8.6,0.1,-4.0,2.9,,,,,35.16,0.18
J1457-5902,0.3908,33.9,58739.5,205,73,0.67,27,475.8,0.1,18.5,4.6,,,,,12.7,1.1
J1501-0046,0.4640,32.0,58985.9,609,355,0.28,40,22.3,0.1,-2.0,3.6,,,,,11.25,0.70
J1502-5653,0.5355,32.7,58678.6,962,,0.29,91,193.4,0.1,-252.7,3.5,,,,,,
J1502-6128,0.8421,31.9,58786.7,202,231,0.60,40,257.9,0.1,69.4,3.0,,,,,24.96,0.70
J1503+2111,3.3142,29.2,59081.7,1792,1833,0.18,54,4.5,0.2,-5.0,3.3,,,,,138.2,6.0
J1504-5621,0.4130,33.5,58739.5,206,351,0.55,19,148.6,0.1,,,,,,,18.3,1.4
J1507-4352,0.2867,33.4,58838.3,299,14,0.52,652,49.1,0.1,-34.0,2.9,,,,,10.55,0.35
J1507-6640,0.3556,33.0,58851.1,370,64,0.41,366,130.2,0.1,-42.7,3.0,,,,,5.27,0.18
J1509-5850,0.0889,35.7,58883.1,427,314,0.59,10,142.1,0.1,16.3,4.7,,,,,,
J1509-6015,0.3390,33.3,58883.1,426,389,0.44,13,424.1,0.2,253.2,3.3,,,,,,
J1511-5414,0.2004,33.4,58755.5,202,,0.67,79,84.5,0.1,-51.5,2.9,,,,,12.66,0.35
J1511-5835,0.3015,32.7,58883.1,314,36,0.74,18,332.0,0.2,,,23.30,0.50,4.80,0.20,54.8,9.8
J1512-5431,2.0404,30.9,58951.0,2106,817,0.18,81,219.0,0.1,5.1,2.9,,,,,25.66,0.35
J1512-5759,0.1287,35.1,58787.2,142,3,0.90,188,627.5,0.1,510.0,3.0,7.140,0.020,3.160,0.010,41.1,1.1
J1513-5739,0.9735,33.1,58831.5,1003,100,0.32,124,470.9,0.1,276.6,3.0,,,,,11.25,0.35
J1513-5908,0.1520,37.2,58816.6,162,17,1.29,19,255.4,0.1,222.5,3.0,,,,,87.2,8.4
J1513-5946,1.0462,32.5,59052.7,1200,7799,0.28,8,173.4,,95.6,5.7,,,,,,
J1514-4834,0.4548,32.6,58833.3,474,47,0.39,308,49.3,0.1,-3.9,3.0,,,,,9.49,0.35
J1514-5925,0.1488,34.5,58739.5,206,183,0.79,11,193.0,,2.6,3.4,16.70,0.60,5.1070,0.0050,,
J1515-5720,0.2867,34.0,59121.7,299,168,0.64,23,481.5,0.1,43.7,5.3,,,,,,
J1517-4356,0.6508,31.5,58901.2,674,,0.38,116,87.8,0.1,8.4,3.3,,,,,11.95,0.35
J1517-4636,0.8867,32.1,58739.5,205,,0.52,83,127.0,0.1,-61.3,3.0,,,,,10.55,0.18
J1518-0627,0.7950,31.5,58985.9,603,105,0.28,47,28.0,0.1,-0.4,3.1,,,,,20.74,0.70
J1518-3952,0.4992,31.9,58851.0,514,49,0.32,56,102.5,0.1,-58.3,3.0,,,,,39.7,1.1
J1518-5415,0.2149,32.2,58901.2,706,,0.32,31,168.1,0.1,78.4,4.1,,,,,,
J1519-5734,0.5187,33.1,58901.2,539,,0.46,17,654.7,,,,118.0,7.0,3.90,0.20,,
J1519-6106,2.1542,31.5,58919.0,2230,696,0.20,155,217.2,0.1,-11.8,3.0,,,,,6.68,0.35
J1519-6308,1.2540,32.1,58901.2,1298,324,0.21,93,249.8,0.1,-279.6,3.3,,,,,11.25,0.35
J1522-5525,1.3895,31.7,58901.2,1435,,0.27,134,78.1,0.1,12.4,3.1,,,,,7.73,0.18
J1522-5829,0.3954,33.1,58787.2,415,24,0.53,288,199.7,0.1,-24.2,2.9,,,,,24.26,0.35
J1524-5625,0.0782,36.5,58816.6,99,45,0.97,16,152.2,0.1,185.8,3.1,,,,,75.9,4.2
J1524-5706,1.1164,34.0,59121.7,1199,,0.30,89,832.0,0.1,-475.5,2.9,,,,,13.01,0.70
J1524-5819,0.9610,33.7,58901.2,995,,0.32,24,407.9,0.2,-185.0,3.6,,,,,,
J1525-5417,1.0116,32.8,58901.2,1050,,0.27,133,235.3,0.1,-84.2,3.2,,,,,3.87,0.35
J1525-5523,0.3551,30.9,58901.2,907,,0.31,23,125.8,0.1,48.1,4.1,,,,,,
J1525-5605,0.2804,32.3,58739.5,206,329,0.56,7,334.7,0.4,,,,,,,,
J1527-3931,2.4178,31.7,59049.6,1800,206,0.21,320,48.9,0.1,-10.2,3.1,,,,,6.68,0.18
J1527-5552,1.0487,32.6,58831.3,1081,76,0.30,364,370.1,0.1,34.0,2.9,,,,,13.36,0.18
J1528-4109,0.5265,32.0,58833.3,547,96,0.33,95,89.3,0.1,36.6,3.0,,,,,9.84,0.18
J1530-5327,0.2790,33.9,58816.6,290,142,0.53,65,49.0,0.1,-30.1,3.3,,,,,21.1,4.9
J1530-6343,0.9103,31.6,58901.3,947,75,0.41,100,206.4,0.1,201.8,3.0,,,,,11.95,0.35
J1531-4012,0.3568,31.9,58901.3,371,,0.39,59,106.7,0.1,61.8,3.4,,,,,12.30,0.70
J1531-5610,0.0842,36.0,58816.6,99,26,1.18,21,110.7,0.1,-50.0,3.1,,,,,35.5,1.8
J1534-4428,1.2214,30.6,58851.0,1256,193,0.23,80,137.5,0.1,17.1,2.9,,,,,62.2,6.7
J1534-5334,1.3689,31.3,58787.2,1414,,0.76,1772,25.3,0.1,24.0,2.9,,,,,12.66,0.35
J1534-5405,0.2897,33.4,58831.5,299,27,0.58,139,190.6,0.1,-86.8,3.0,,,,,24.61,0.35
J1535-4114,0.4329,33.3,58787.2,452,93,0.45,187,66.3,0.1,17.7,2.9,,,,,18.28,0.35
J1535-4415,0.4684,31.2,58938.9,609,,0.30,42,110.7,0.1,60.7,2.9,,,,,99.8,4.2
J1535-5848,0.3072,33.6,58739.5,206,75,0.52,48,107.4,0.1,122.7,3.0,,,,,11.95,0.35
J1536-3602,1.3197,31.1,58833.3,1362,270,0.21,175,85.7,0.1,-36.2,2.9,,,,,26.37,0.18
J1536-5907,0.5579,32.5,58786.7,206,,0.58,12,316.0,0.2,,,,,,,,
J1537-4912,0.3013,33.4,58689.8,902,654,0.31,47,69.7,0.1,1.7,3.3,,,,,38.0,1.1
J1537-5153,1.5280,31.7,58901.3,1579,,0.22,63,93.0,0.1,-178.6,3.2,,,,,10.55,0.35
J1538+2345,3.4496,30.8,59081.7,1800,5351,0.18,19,14.9,,8.1,3.6,,,,,,
J1538-5438,0.2767,33.4,58596.0,200,277,0.75,11,134.9,0.2,,,,,,,,
J1538-5551,0.1047,35.0,58904.9,338,498,0.59,7,604.6,0.2,0.0,9.4,22.0,2.0,4.00,0.20,,
J1538-5621,1.9083,31.6,58916.0,1968,,0.13,33,169.7,0.2,,,,,,,,
J1538-5732,0.3412,33.7,58739.5,207,117,0.59,22,151.5,0.1,36.6,3.2,,,,,12.7,2.8
J1538-5750,0.5066,31.1,59053.7,599,,0.35,18,91.0,0.2,95.0,5.2,,,,,,
J1539-4828,1.2727,31.4,58902.0,1315,226,0.23,69,117.6,0.1,-166.5,3.3,,,,,12.30,0.70
J1539-5521,1.0049,31.4,58904.9,1040,1258,0.34,23,378.6,0.2,102.3,4.3,,,,,,
J1539-5626,0.2434,34.1,58787.2,262,11,0.67,199,176.0,0.1,-18.0,2.9,,,,,27.42,0.70
J1539-6322,1.6308,30.3,58951.0,1800,145,0.20,187,163.5,0.1,190.2,2.9,,,,,18.28,0.18
J1542-5034,0.5993,32.9,58739.5,207,98,0.58,141,89.5,0.1,-85.8,3.0,,,,,6.68,0.35
J1542-5303,1.2075,33.2,58904.9,1249,1930,0.10,65,265.7,0.1,-617.7,3.0,,,,,21.09,0.35
J1543+0929,0.7484,31.6,58859.1,770,,0.25,216,35.0,0.1,15.9,2.9,,,,,126.9,1.1
J1543-0620,0.7091,32.0,58799.7,925,14,0.26,494,18.6,0.1,-1.8,2.9,,,,,8.79,0.35
J1543-5013,0.6442,33.2,58904.9,664,257,0.36,26,210.5,0.1,-271.3,3.7,,,,,,
J1543-5459,0.3771,34.6,58859.3,393,,0.61,27,345.9,0.1,172.3,3.4,36.20,0.80,3.760,0.080,49.2,5.6
J1544-5308,0.1786,32.6,58787.3,193,4,0.78,332,35.2,0.1,-40.4,2.9,,,,,21.80,0.35
J1546-5302,0.5809,33.4,58739.5,206,123,0.69,32,286.5,0.1,,,,,,,10.90,0.35
J1547-5750,0.6471,30.6,58904.9,674,173,0.33,21,147.2,0.2,-142.7,3.9,,,,,33.8,2.8
J1547-5839,0.2422,33.2,58739.5,205,189,0.50,12,223.4,0.2,-9.7,3.5,,,,,59.1,9.8
J1548-4821,0.1456,31.0,58904.9,153,100,0.71,21,125.7,0.1,-147.6,4.2,,,,,33.40,0.70
J1548-4927,0.6027,32.9,58831.5,626,,0.42,112,140.8,0.1,-206.9,3.1,,,,,10.90,0.35
J1548-5607,0.1709,34.9,58833.4,179,16,0.69,43,314.4,0.1,21.7,2.9,,,,,46.1,3.2
J1549+2113,1.2626,31.2,59081.8,1300,202,0.21,133,24.1,0.1,19.9,3.1,,,,,6.68,0.18
J1549-4848,0.2884,34.4,58816.6,307,,0.55,37,56.2,0.1,-15.0,3.8,,,,,14.41,0.35
J1549-5722,0.4977,31.2,58904.9,913,,0.30,12,98.3,0.3,,,,,,,,
J1550-5242,0.7497,33.2,58788.3,210,114,0.79,29,337.7,0.1,-533.2,3.4,,,,,10.90,0.35
J1550-5418,2.0891,35.0,58755.5,204,,1.16,17,830.0,20.4,-1860.0,3.1,,,,,,
J1551-4424,0.6741,31.4,59052.7,1800,286,0.21,78,66.5,0.1,-32.0,2.9,,,,,40.4,1.4
J1551-5310,0.4535,34.9,58831.4,467,173,0.64,13,489.3,,-1023.3,3.1,131.0,5.0,4.40,0.10,,
J1551-6214,0.1988,32.0,58904.9,210,,0.58,50,123.6,0.1,58.6,3.5,,,,,10.55,0.70
J1554-5209,0.1252,34.7,58951.0,202,,0.81,7,130.8,,-141.5,3.4,,,,,,
J1555-0515,0.9754,31.9,58985.9,603,225,0.28,73,23.5,0.1,1.3,4.9,,,,,7.03,0.35
J1555-2341,0.5326,32.3,58833.4,557,62,0.32,199,52.2,0.1,-22.0,2.9,,,,,18.28,0.18
J1555-3134,0.5181,31.3,58787.3,541,46,0.36,241,73.0,0.1,-49.0,2.9,,,,,23.20,0.35
J1557-4258,0.3292,32.6,58787.3,341,40,0.48,427,144.4,0.1,-41.9,2.9,,,,,18.63,0.35
J1558-5756,1.1223,33.7,58904.9,1162,392,0.26,180,129.7,0.1,-82.5,2.9,,,,,7.0,2.1
J1559-4438,0.2571,33.4,58787.3,274,4,0.58,2331,56.1,0.1,-5.0,2.9,,,,,23.91,0.18
J1600-5044,0.1926,34.4,58787.3,203,6,0.82,915,262.9,0.1,140.8,2.9,,,,,23.91,0.35
J1600-5751,0.1945,34.0,58787.3,212,18,0.57,88,176.5,0.1,-131.0,3.0,,,,,43.2,1.1
J1601-5335,0.2885,35.0,58907.2,305,,0.69,16,194.9,0.1,-80.0,3.3,,,,,,
J1602-5100,0.8643,33.6,58851.1,888,130,0.63,1245,170.8,0.1,82.5,2.9,,,,,10.90,0.18
J1603-2531,0.2831,33.4,58986.0,603,60,0.59,743,53.6,0.1,7.7,2.9,,,,,14.06,0.18
J1603-2712,0.7783,32.4,58831.3,803,125,0.27,396,46.0,0.1,-11.6,2.9,,,,,14.77,0.18
J1603-3539,0.1419,33.2,58755.5,203,125,0.51,27,78.4,0.1,-47.6,4.5,,,,,38.0,2.8
J1603-5657,0.4961,33.0,58816.6,513,15,0.42,379,264.2,0.1,28.0,2.9,,,,,5.27,0.18
J1604-4718,0.5275,33.1,58788.3,210,276,0.64,15,55.1,0.4,1.3,4.5,,,,,14.4,2.5
J1604-4909,0.3274,33.0,58787.3,341,28,1.14,561,140.7,0.1,12.1,2.9,,,,,13.01,0.35
J1604-7203,0.3414,31.9,58974.9,602,29,0.31,72,54.5,0.1,34.1,3.0,,,,,35.16,0.70
J1605-5257,0.6580,31.5,58833.4,682,,1.03,480,34.8,0.1,1.0,2.9,,,,,42.89,0.35
J1607-0032,0.4218,32.2,58859.2,435,54,0.68,164,10.8,0.1,6.5,3.3,,,,,14.06,0.18
J1607-6449,0.2981,31.6,58907.2,312,58,0.42,33,89.7,0.1,,,,,,,19.7,1.4
J1609-4616,0.2496,33.1,58788.3,210,73,0.82,68,150.0,0.1,-114.9,3.8,,,,,10.20,0.35
J1610-5006,0.4811,33.7,58851.1,499,27,0.58,32,417.5,,-749.0,3.1,124.0,1.0,4.6700,0.0020,116,21
J1611-4949,0.6664,31.9,58907.2,689,61,0.51,42,555.9,0.1,-436.6,3.3,,,,,30.9,2.5
J1611-5209,0.1825,34.5,58816.6,194,22,1.78,117,127.3,0.1,-101.7,4.3,,,,,5.62,0.35
J1611-5847,0.3545,30.3,58907.2,370,,0.40,80,79.8,0.1,24.6,3.1,,,,,5.98,0.35
J1612+2008,0.4267,31.3,59081.8,440,232,0.37,53,19.5,0.1,22.3,3.9,,,,,13.0,7.4
J1612-5805,0.6155,32.2,58792.7,691,45,0.30,106,171.0,0.1,-39.1,3.2,,,,,10.20,0.70
J1613-4714,0.3824,32.7,58816.6,402,36,0.51,110,160.2,0.1,-131.3,3.1,,,,,13.01,0.35
J1613-5211,0.4575,33.9,58951.0,475,,0.68,13,360.8,0.3,,,,,,,,
J1614+0737,1.2067,31.7,58859.1,1251,123,0.22,155,21.7,0.1,,,,,,,7.38,0.18
J1614-3937,0.4073,32.0,58831.5,427,45,0.36,42,151.9,0.1,84.0,3.5,,,,,24.26,0.70
J1614-5048,0.2320,36.2,58787.3,246,,1.09,55,582.4,0.1,-451.0,2.9,,,,,,
J1615-5444,0.3610,32.4,58788.3,210,69,0.75,123,312.5,0.1,-258.5,3.0,,,,,14.41,0.35
J1615-5537,0.7915,32.2,58833.4,816,,0.35,171,124.5,0.1,22.8,3.2,,,,,10.20,0.35
J1616-5017,0.4913,34.2,58907.2,513,379,0.65,17,199.3,0.1,-431.1,3.8,,,,,,
J1617-4216,3.4282,31.3,58916.1,3535,1084,0.07,135,164.5,0.2,31.6,3.0,,,,,8.44,0.18
J1617-4608,0.5670,33.6,58907.2,593,54,0.37,60,321.8,0.1,-36.4,3.2,,,,,10.55,0.70
J1617-5055,0.0694,37.2,58907.2,930,,0.58,6,467.0,,0.0,8.1,,,,,,
J1618-4723,0.4071,33.1,58851.1,210,,0.73,48,134.6,0.1,39.0,2.9,,,,,13.01,0.35
J1620-5414,1.1563,30.2,58907.2,1193,,0.16,16,73.1,0.7,86.1,3.5,,,,,,
J1621-5039,1.0839,32.6,58907.3,1122,305,1.15,77,264.7,0.1,,,,,,,14.06,0.35
J1621-5243,0.3720,32.8,58739.5,206,180,0.67,15,363.5,0.1,,,,,,,33.8,1.4
J1622-3751,0.7314,32.4,58907.3,761,164,0.28,32,154.5,0.1,85.0,3.1,,,,,,
J1622-4332,0.9169,31.9,58907.3,952,66,0.35,124,230.3,0.1,151.0,3.0,,,,,16.17,0.35
J1622-4347,0.4577,33.3,59041.8,480,97,0.42,55,178.8,0.1,24.0,3.0,,,,,11.60,0.70
J1622-4802,0.2651,32.8,58831.5,275,132,0.63,20,366.2,0.2,243.6,3.1,,,,,57.7,4.2
J1622-4950,4.3258,33.1,58755.5,104,,1.98,52,820.0,1.6,-1484.0,2.9,,,,,,
J1623-0841,0.5030,32.8,58985.9,603,,0.27,17,60.2,0.1,-247.2,10.1,,,,,,
J1623-0908,1.2764,31.7,58859.2,1315,,0.28,322,68.2,0.1,-198.6,3.2,,,,,5.27,0.18
J1623-4949,0.7258,33.6,58739.5,208,,0.98,25,181.7,0.1,31.5,3.9,,,,,,
J1624-4411,0.2332,33.4,58739.5,208,87,0.60,24,140.7,0.1,-10.0,3.3,,,,,78.8,1.4
J1625-4048,2.3554,30.1,59041.8,1232,,0.28,226,138.3,0.1,12.7,3.0,,,,,20.74,0.18
J1625-4904,0.4603,33.8,58916.1,482,543,0.54,14,686.7,0.3,,,,,,,,
J1625-4913,0.3558,33.8,58916.1,466,444,0.61,10,720.0,0.3,,,,,,,,
J1626-4537,0.3701,33.8,58816.6,386,194,0.56,64,236.6,0.1,112.0,3.5,,,,,22.9,1.1
J1626-6621,0.4508,32.5,58916.1,475,39,0.32,73,84.1,0.1,27.2,3.3,,,,,17.58,0.35
J1627+1419,0.4909,32.1,58986.0,609,151,0.30,57,32.2,0.1,18.6,4.2,,,,,29.18,0.70
J1627-4706,0.1407,34.4,58916.1,826,1619,0.41,7,456.1,,0.0,8.7,,,,,,
J1627-5547,0.3525,32.8,58833.4,370,,0.46,43,165.6,0.1,12.0,3.7,,,,,24.26,0.70
J1627-5936,0.3543,30.9,59053.7,1799,287,0.18,61,99.3,0.1,89.0,2.9,,,,,121.3,2.1
J1630-4719,0.5591,33.5,58788.4,210,41,0.93,40,488.1,0.1,-370.3,3.8,5.710,0.090,3.30,0.20,11.95,0.70
J1630-4733,0.5760,33.7,58831.5,595,,0.58,59,516.1,0.2,-348.0,2.9,340.0,2.0,5.0490,0.0010,175,12
J1632-1013,0.7176,30.8,58985.9,603,,0.28,49,90.0,0.1,-215.0,3.5,,,,,10.90,0.35
J1632-4621,1.7092,32.8,58816.7,1769,143,0.32,238,562.0,0.1,,,16.850,0.070,3.870,0.030,8.79,0.35
J1632-4757,0.2286,34.7,58916.1,242,,1.18,6,574.2,,,,,,,,,
J1632-4818,0.8139,34.7,59053.8,900,536,0.60,13,758.0,1.1,-459.1,3.3,,,,,,
J1633-4453,0.4365,33.5,58787.6,460,99,0.49,216,473.5,0.1,159.0,3.1,19.590,0.080,3.990,0.020,24.61,0.70
J1633-5015,0.3522,33.5,58787.6,379,,0.53,611,399.1,0.1,406.1,2.9,,,,,21.09,0.35
J1634-5107,0.5073,32.7,58928.0,4195,,0.15,3,372.8,,,,,,,,,
J1634-5640,0.2242,32.1,58788.4,211,16,0.53,46,147.8,0.1,171.0,3.5,,,,,25.7,1.1
J1635+2332,1.2088,31.3,59081.8,1240,1065498,0.22,9,37.6,1.1,20.2,5.7,,,,,,
J1635-4944,0.6720,33.0,58678.6,961,451,0.32,25,475.4,0.2,-128.3,3.1,,,,,50.6,2.8
J1635-5954,0.5291,32.6,58853.3,545,17,0.36,150,134.5,0.1,110.3,2.9,,,,,22.50,0.35
J1636-2614,0.5104,33.1,58916.1,531,54,0.30,71,92.8,0.1,-46.9,3.0,,,,,8.79,0.35
J1636-4440,0.2066,35.3,58916.1,250,494,0.61,8,453.2,0.3,283.1,4.4,,,,,,
J1637-4450,0.2529,33.1,58788.4,211,165,0.76,11,468.8,0.2,-203.2,3.7,,,,,,
J1637-4553,0.1188,34.9,58816.7,131,10,1.17,41,193.7,0.1,2.6,3.2,,,,,17.93,0.70
J1637-4642,0.1541,35.8,58851.1,163,178,1.26,7,419.1,0.2,-39.9,3.3,,,,,,
J1638-3815,0.6983,30.9,58831.5,723,,0.28,89,239.1,0.1,26.7,2.9,,,,,36.21,0.70
J1638-3951,0.7711,31.7,58916.2,803,611,0.31,25,241.9,0.1,79.6,3.4,,,,,,
J1638-4344,1.1218,29.8,58916.2,1163,1159,0.31,31,236.3,0.1,-205.5,3.3,,,,,,
J1638-4417,0.1178,34.6,58916.2,185,382,0.71,9,436.4,0.1,139.6,3.5,,,,,,
J1638-4608,0.2781,35.0,58916.2,291,121,0.76,15,423.1,0.1,365.4,3.4,17.0,1.0,4.60,0.20,,
J1638-4725,0.7641,32.6,59138.7,599,,0.87,3,561.1,,0.0,,,,,,,
J1638-5226,0.3405,33.4,58833.4,355,120,0.47,41,168.9,0.1,-52.3,3.5,,,,,30.59,0.35
J1639-4604,0.5291,32.9,58851.1,275,24,0.91,50,257.4,0.1,-64.0,3.1,,,,,11.25,0.35
J1640-4648,0.1783,33.7,58596.1,200,,2.04,5,474.0,,0.0,,,,,,,
J1640-4715,0.5174,34.1,58816.7,538,74,0.74,31,585.2,0.2,-421.2,3.2,56.0,1.0,4.450,0.080,56.2,5.6
J1640-4951,0.7390,31.5,58916.2,768,,0.35,29,409.5,0.1,,,14.40,0.60,4.50,0.30,16.9,2.8
J1643-4505,0.2374,35.0,58739.5,207,,0.86,13,479.6,0.1,-850.9,3.4,,,,,,
J1643-4550,0.7176,33.5,58788.4,211,,1.13,23,450.2,0.2,-72.0,6.2,,,,,14.1,1.1
J1644-4559,0.4551,33.9,58702.7,312,,0.94,10152,478.6,0.1,-620.9,2.9,,,,,20.74,0.18
J1644-4657,0.1260,34.2,58678.9,202,,0.87,4,718.0,,0.0,,,,,,,
J1645+1012,0.4109,31.7,58986.9,603,1171,0.28,8,36.2,,30.2,7.5,,,,,17.6,1.4
J1645-0317,0.3877,33.1,58787.6,412,18,0.65,3232,35.8,0.1,15.8,2.9,,,,,7.38,0.18
J1646-5123,0.5300,32.7,58916.2,554,175,0.34,27,279.0,0.1,-330.1,3.5,,,,,,
J1646-6831,1.7856,31.1,58833.7,1839,397,0.59,236,42.0,0.1,105.0,2.9,,,,,19.69,0.18
J1647-3607,0.2123,32.7,58916.2,313,1486,0.45,21,223.0,0.1,145.1,5.2,,,,,,
J1648-3256,0.7195,32.6,58799.7,772,64,0.29,164,128.3,0.1,-51.5,3.1,,,,,8.44,0.18
J1648-4611,0.1650,35.3,58833.4,170,,1.01,9,392.3,0.3,-652.0,3.4,,,,,,
J1648-6044,0.5838,31.9,59053.7,1800,,0.18,154,106.2,0.1,71.6,3.0,,,,,16.88,0.70
J1649-3805,0.2620,31.9,58799.7,281,15,0.61,80,214.4,0.1,-83.2,3.1,,,,,44.3,1.1
J1649-3935,0.7708,30.5,58919.0,3473,506,0.18,35,285.2,0.1,-12.1,3.8,,,,,21.1,8.4
J1649-4349,0.8707,30.4,58831.5,899,,0.42,33,396.4,0.2,765.1,3.0,,,,,79.5,7.0
J1649-4653,0.5571,34.0,59121.7,599,325,0.53,16,329.3,0.2,-563.9,3.5,,,,,,
J1650-1654,1.7494,31.4,58859.2,1799,354,0.20,240,43.0,0.1,16.1,2.9,,,,,12.66,0.35
J1650-4126,0.3089,31.4,58916.2,329,78,0.52,32,251.5,0.1,-358.1,4.3,,,,,15.1,2.1
J1650-4341,0.3094,31.3,58916.2,522,1109,0.58,8,673.0,,0.0,8.2,66.0,7.0,4.40,0.30,,
J1650-4502,0.3809,34.0,58799.7,408,109,0.75,22,320.2,0.1,130.0,3.1,,,,,18.3,2.8
J1650-4921,0.1564,34.3,58916.2,169,137,0.79,20,228.4,0.1,-203.9,3.2,,,,,,
J1651-1709,0.9734,32.1,58788.4,208,41,0.56,66,33.6,0.1,4.0,3.3,,,,,12.66,0.35
J1651-4246,0.8441,32.5,58792.7,1810,46,0.29,793,483.3,0.3,-167.4,2.9,,,,,64.69,0.18
J1651-5222,0.6351,32.4,58787.6,670,,0.36,640,178.3,0.1,-38.0,2.9,,,,,12.66,0.18
J1652-1400,0.3054,31.4,58919.0,323,,0.41,12,46.8,0.4,-25.4,3.3,,,,,32.3,4.2
J1653-3838,0.3051,33.6,58787.7,331,95,0.58,191,206.6,0.1,-82.0,2.9,,,,,16.88,0.35
J1653-4249,0.6126,32.9,58799.7,641,75,0.51,99,416.9,0.1,13.0,3.1,20.90,0.20,4.170,0.050,20.74,0.70
J1653-4518,0.9510,,59138.7,598,,0.61,4,207.4,,0.0,,,,,,,
J1654-3710,0.9391,31.5,58916.2,970,117,0.31,60,304.2,0.1,-104.6,3.0,,,,,12.30,0.35
J1655-3048,0.5429,31.0,58851.1,563,50,0.33,57,154.3,0.1,-63.0,2.9,,,,,71.7,1.8
J1655-3844,1.1933,31.7,58919.0,1232,272,0.28,48,349.4,0.1,-160.2,3.4,,,,,15.5,1.4
J1656-3621,0.7302,32.1,58788.4,211,,0.75,33,228.1,0.1,-24.2,3.0,,,,,17.9,1.1
J1657-4432,0.6096,33.1,58788.4,211,,0.86,20,375.3,0.1,354.1,6.6,,,,,18.3,1.4
J1658-4958,0.4169,33.3,58831.6,434,121,0.42,59,192.5,0.1,-230.6,3.1,,,,,22.85,0.35
J1659-1305,0.6409,32.0,58986.9,602,62,0.28,55,60.0,0.1,35.0,3.0,,,,,37.97,0.70
J1659-4439,0.3533,31.3,58919.1,378,112,0.70,16,535.9,0.2,,,,,,,,
J1700-3312,1.3584,31.9,58799.7,1408,337,0.31,222,166.7,0.1,-15.0,2.9,,,,,13.01,0.18
J1700-3919,0.5604,30.0,58919.1,594,117,0.46,33,354.7,0.1,188.7,3.3,,,,,14.1,1.4
J1700-4012,0.2838,32.2,58919.1,1563,374,0.39,15,388.1,0.1,191.2,3.7,,,,,,
J1700-4422,0.7555,30.6,58919.1,785,1022,0.43,11,412.7,,,,75.0,4.0,4.70,0.50,,
J1700-4939,0.5783,32.3,58923.9,608,178,0.37,34,277.7,0.1,-130.0,3.2,,,,,,
J1701-3130,0.2913,31.9,58975.0,601,,0.35,88,130.7,0.1,-24.7,3.0,,,,,21.45,0.70
J1701-4533,0.3229,32.8,58787.7,349,15,0.57,94,526.8,0.1,4.0,2.9,,,,,46.4,2.8
J1702-4128,0.1822,35.5,58799.7,201,,0.95,14,367.1,0.2,-165.5,3.1,25.50,0.70,3.970,0.080,72,20
J1702-4306,0.2155,34.6,58923.9,226,,0.86,11,537.4,0.1,,,,,,,,
J1703-1846,0.8044,32.1,58792.7,851,264,0.29,697,49.6,0.1,-29.0,2.9,,,,,10.20,0.18
J1703-3241,1.2119,31.2,58787.7,1259,83,0.33,1387,110.1,0.1,-21.7,2.9,,,,,14.41,0.18
J1703-4442,1.7471,32.0,58919.1,1808,,0.27,65,280.5,0.1,-372.6,3.2,,,,,11.60,0.18
J1703-4851,1.3964,31.9,58816.7,1443,402,0.32,265,149.6,0.1,-46.0,2.9,,,,,14.06,0.18
J1704-5236,0.2307,32.2,58853.3,242,64,0.53,19,164.0,0.1,-12.1,3.7,,,,,,
J1705-1906,0.2990,33.8,58557.3,512,16,0.44,363,22.9,0.1,-19.2,2.9,,,,,16.52,0.18
J1705-3423,0.2554,33.4,58787.7,281,19,0.51,295,146.2,0.1,-44.0,2.9,,,,,29.53,0.35
J1705-3950,0.3189,34.9,58576.1,512,108,0.59,64,206.4,0.1,-98.8,2.9,,,,,37.97,0.70
J1705-4331,0.2226,32.4,58788.4,217,83,0.74,22,185.2,0.1,-31.0,5.4,,,,,24.3,1.4
J1706-6118,0.3619,32.4,58975.0,601,703,0.29,193,76.2,0.1,71.5,3.7,,,,,5.27,0.18
J1707-4053,0.5810,32.6,58851.1,602,,0.67,195,355.6,0.1,-179.7,2.9,95.20,0.20,3.9500,0.0070,83.3,1.8
J1707-4341,0.8907,32.5,58788.4,209,49,0.84,68,398.4,0.1,-180.2,3.7,,,,,11.25,0.18
J1707-4417,5.7640,30.4,59041.7,2998,3741,0.22,77,384.1,0.4,-663.0,3.0,,,,,17.93,0.70
J1707-4729,0.2665,33.5,58787.7,291,95,0.55,74,268.3,0.1,-475.3,3.0,,,,,56.2,1.8
J1708-3641,0.5875,31.4,58923.9,1081,891,0.30,15,324.1,0.2,-138.2,5.9,,,,,,
J1709-1640,0.6530,32.9,58859.2,674,,1.09,1530,24.9,0.1,-1.3,2.9,,,,,10.55,0.18
J1709-3626,0.4478,33.0,58924.0,466,83,0.44,36,393.9,0.1,-225.9,3.0,,,,,26.72,0.70
J1709-3841,0.5870,33.2,58739.6,206,404,0.91,11,358.0,0.7,,,,,,,,
J1709-4401,0.8653,32.7,58755.5,202,180,1.14,106,226.0,0.1,-122.0,3.1,,,,,8.44,0.35
J1709-4429,0.1025,36.5,58557.3,504,10,0.56,329,75.6,0.1,0.7,2.9,,,,,45.70,0.18
J1710-4148,0.2865,32.2,58624.0,201,448,0.88,9,461.0,,,,,,,,,
J1711-1509,0.8687,31.8,58878.3,899,42,0.27,160,59.9,0.1,15.8,3.2,,,,,8.09,0.18
J1711-4322,0.1026,33.0,59053.8,600,301,0.41,13,191.5,0.1,-325.3,3.6,,,,,,
J1711-5350,0.8992,32.9,58975.0,602,,0.33,229,105.1,0.1,-4.5,3.0,,,,,9.14,0.35
J1714-1054,2.0886,29.4,58924.0,729,1047,0.29,124,51.5,0.1,4.2,3.4,,,,,14.06,0.23
J1715-3859,0.9280,32.3,58924.0,962,424,0.47,13,806.2,,,,228.0,9.0,4.10,0.10,,
J1715-3903,0.2785,34.8,59121.7,299,155,0.86,20,314.0,0.1,228.0,3.1,,,,,,
J1716-4111,1.0360,32.0,58924.0,1074,208,0.36,55,243.3,0.2,-417.0,5.6,,,,,11.6,1.1
J1716-4711,0.5559,32.3,58788.4,210,39,0.63,60,287.1,0.1,-223.6,3.4,,,,,10.20,0.35
J1717-3425,0.6563,33.1,58833.4,682,8,0.40,392,585.4,0.1,-191.0,3.0,19.820,0.020,3.4660,0.0070,21.80,0.35
J1717-3737,0.6824,32.8,58851.2,705,166,0.58,37,525.8,0.1,,,35.70,0.50,3.420,0.060,35.9,8.4
J1717-4054,0.8877,32.3,58831.6,914,,0.19,5,306.9,,,,,,,,,
J1717-5800,0.3218,32.4,58924.0,344,73,0.40,26,125.2,0.1,56.4,3.2,,,,,33.75,0.70
J1718-3825,0.0747,36.1,58787.7,101,26,1.42,27,247.5,0.1,113.0,3.0,,,,,59.1,2.8
J1718-4539,0.5904,33.1,58924.0,851,,0.31,39,257.1,0.1,-246.4,3.7,,,,,18.3,2.8
J1719-4006,0.1891,34.0,58816.7,202,12,0.81,44,386.6,0.1,-206.0,3.8,5.100,0.090,3.40,0.20,26.7,2.5
J1719-4302,0.2355,33.1,58788.4,211,51,0.64,32,298.1,0.1,-506.2,3.9,,,,,12.66,0.70
J1720+2150,1.6158,30.8,59081.8,1665,567,0.23,50,40.7,0.2,52.9,3.4,,,,,,
J1720-0212,0.4778,31.5,58755.5,202,,0.52,56,68.0,0.1,6.0,2.9,,,,,61.9,1.4
J1720-1633,1.5655,31.8,58878.2,1619,166,0.26,358,45.1,0.1,-12.0,2.9,,,,,10.55,0.18
J1720-2933,0.6205,32.1,58787.7,651,247,0.36,151,42.9,0.1,10.5,3.0,,,,,19.69,0.35
J1720-3659,0.3511,31.5,58833.4,362,34,0.72,50,380.2,0.1,-83.5,3.0,12.60,0.20,3.630,0.070,21.1,2.5
J1721-3532,0.2805,34.7,58788.4,210,13,1.03,70,496.7,0.1,166.4,3.3,113.40,0.70,4.100,0.020,154.3,5.6
J1722-3207,0.4772,32.4,58787.7,509,15,0.55,618,126.1,0.1,70.4,2.9,,,,,14.77,0.35
J1722-3632,0.3992,33.4,58787.7,430,116,0.73,55,415.8,0.1,-332.2,3.2,,,,,35.5,1.1
J1722-3712,0.2362,34.5,58787.7,260,15,0.85,175,99.4,0.1,111.2,3.0,,,,,14.77,0.18
J1722-4400,0.2186,33.1,58788.4,212,82,0.61,29,219.5,0.1,-305.3,3.2,,,,,11.60,0.70
J1723-3659,0.2027,34.6,58787.7,220,,0.99,48,254.4,0.1,-219.0,3.0,,,,,30.9,1.8
J1724-3149,0.9483,32.5,58788.4,210,258,0.72,12,408.4,,,,40.0,2.0,4.9280,0.0070,,
J1725-0732,0.2399,33.1,58975.0,602,159,0.29,22,58.9,0.1,,,,,,,29.5,2.8
J1725-3546,1.0325,32.7,58788.4,210,176,1.08,15,744.0,0.4,,,50.0,2.0,4.10,0.10,33.8,4.2
J1726-3635,0.2874,33.4,58924.0,306,237,0.72,14,539.2,0.1,,,,,,,,
J1726-4006,0.8828,32.3,58788.4,210,,0.62,20,277.1,0.2,286.9,5.0,,,,,13.36,0.70
J1727-2739,1.2931,31.3,58813.7,1339,1104,0.29,68,146.6,0.1,-8.0,2.9,,,,,31.29,0.70
J1728-0007,0.3860,32.9,58975.0,601,40,0.29,75,41.1,0.1,20.0,3.0,,,,,29.2,1.1
J1730-3350,0.1395,36.1,58787.7,161,24,1.24,36,261.3,0.1,-142.0,3.0,21.00,0.40,4.000,0.050,79,13
J1731-3123,0.7531,32.2,58788.4,211,347,0.93,14,355.8,,-163.7,6.9,15.10,0.50,1.30,0.10,21.1,2.8
J1731-4744,0.8300,34.0,58787.7,871,143,0.72,2534,122.8,0.1,-444.2,2.9,,,,,10.55,0.18
J1732-3131,0.1966,35.2,59080.7,600,,0.55,3,15.4,,0.0,,,,,,,
J1732-4156,0.3235,32.9,58788.4,209,672,0.62,11,230.8,0.1,-76.3,3.5,,,,,,
J1733-3716,0.3376,34.2,58787.7,361,298,0.63,148,153.3,0.1,-335.0,2.9,,,,,60.47,0.70
J1733-4005,0.5618,32.9,58788.4,212,18,0.61,66,317.6,0.1,-214.6,3.4,,,,,10.55,0.35
J1734-0212,0.8393,31.4,58975.0,601,,0.32,38,65.0,0.1,41.7,3.2,,,,,15.12,0.70
J1734-2415,0.6126,32.3,58743.7,203,,0.59,4,126.3,,0.0,,,,,,,
J1734-3058,0.5412,30.6,58920.0,1544,1437,0.36,18,265.1,0.1,,,,,,,,
J1735-0724,0.4194,32.8,58787.7,450,31,0.35,283,73.4,0.1,34.5,2.9,,,,,18.98,0.35
J1735-3258,0.3510,34.4,59121.7,1547,,0.35,7,758.0,,0.0,6.2,,,,,,
J1737-3102,0.7687,33.5,58851.2,795,,0.62,33,278.9,0.1,-43.4,3.6,,,,,14.4,1.1
J1737-3555,0.3976,33.6,58831.6,410,,0.49,129,89.2,0.1,61.4,3.0,,,,,14.06,0.35
J1738-2647,0.3496,33.5,58743.7,202,,0.73,8,182.4,,-196.0,12.1,,,,,,
J1738-2736,0.6277,32.9,58924.0,651,631,0.46,18,323.6,0.2,176.5,4.8,,,,,,
J1738-2955,0.4435,34.6,59121.7,480,1032,0.73,12,222.2,0.2,-190.5,3.8,,,,,,
J1738-3211,0.7686,31.8,58787.7,810,,0.66,219,49.3,0.1,-14.0,3.0,,,,,11.60,0.18
J1739+0612,0.2342,32.7,58882.2,243,51,0.48,43,95.5,0.1,27.9,3.1,,,,,22.9,1.1
J1739-1313,1.2156,30.3,58878.3,1259,56,0.45,128,58.2,0.1,34.1,3.0,,,,,3.52,0.35
J1739-2903,0.3229,34.0,58591.0,504,75,0.71,206,138.7,0.1,-301.8,3.1,,,,,11.60,0.18
J1739-3023,0.1144,35.5,59121.7,180,48,1.23,31,170.5,0.1,-124.0,3.0,,,,,23.9,1.4
J1739-3131,0.5295,33.7,58833.4,546,10,0.69,129,599.0,0.1,40.0,3.0,68.20,0.20,3.8360,0.0090,66.4,1.8
J1739-3951,0.6835,30.4,58920.0,529,,0.36,15,20.2,0.2,,,,,,,,
J1740+1000,0.1541,35.4,58755.5,201,77,0.58,106,23.8,0.1,30.8,2.9,,,,,43.9,1.1
J1740+1311,0.8030,32.0,58882.2,834,68,0.27,313,48.3,0.1,66.7,2.9,,,,,21.45,0.35
J1740-3015,0.6070,34.9,58851.2,626,,1.23,711,151.8,0.1,-157.0,2.9,,,,,5.98,0.18
J1740-3052,0.5704,33.7,58831.6,595,81,0.85,49,740.4,0.1,-147.0,3.2,12.10,0.10,3.83,0.10,20.0,1.1
J1740-3327,0.5150,33.0,59041.8,539,311,0.49,27,274.1,0.1,359.6,4.9,,,,,16.9,4.2
J1741-0840,2.0432,31.0,58792.7,2118,414,0.22,619,75.3,0.1,116.3,2.9,,,,,16.52,0.18
J1741-2054,0.4137,34.0,58994.0,2399,,0.16,7,4.7,,,,,,,,,
J1741-2945,0.2236,33.3,58678.7,202,,1.26,7,308.1,0.4,,,,,,,,
J1741-3927,0.5122,32.7,58787.7,540,20,0.41,658,158.3,0.1,211.6,2.9,,,,,17.58,0.35
J1742-4616,0.4124,31.3,58833.5,427,100,0.37,56,115.8,0.1,-28.9,2.9,,,,,32.34,0.70
J1743-0339,0.4446,32.8,58920.1,474,1335,0.34,39,30.3,0.1,47.9,3.6,,,,,14.4,1.1
J1743-1351,0.4053,32.4,58920.1,433,,0.38,50,116.0,0.1,47.2,3.0,,,,,22.15,0.35
J1743-3150,2.4148,32.5,58788.5,2496,329,0.29,468,192.1,0.1,-215.0,2.9,,,,,9.84,0.35
J1743-3153,0.1931,34.8,58851.2,202,,0.97,9,507.5,0.2,533.0,3.5,,,,,,
J1743-4212,0.3062,33.0,58831.6,322,,0.45,107,132.1,0.1,-20.0,3.0,,,,,17.93,0.35
J1744-1610,1.7572,31.2,59012.8,997,380,0.63,119,66.6,0.1,64.5,3.1,,,,,8.44,0.18
J1744-3130,1.0661,32.8,58833.4,1099,356,0.43,98,193.5,0.1,-219.8,3.1,,,,,9.49,0.18
J1744-3922,0.1725,31.1,58823.6,427,,0.41,79,148.5,0.1,,,,,,,13.01,0.70
J1744-5337,0.3557,32.2,58788.5,211,75,0.52,23,109.6,0.1,50.8,3.8,,,,,42.2,1.4
J1745-0129,1.0454,31.3,58993.9,600,369,0.30,151,89.8,0.1,35.0,3.3,,,,,6.68,0.18
J1745-3040,0.3675,33.9,58787.8,389,193,1.63,735,88.1,0.1,101.0,2.9,,,,,20.74,0.18
J1745-3812,0.6983,32.4,58920.1,730,,0.30,51,160.5,0.1,-75.5,3.4,,,,,,
J1746+2245,3.4653,30.7,59081.8,1792,,0.19,146,49.9,0.1,72.3,3.5,,,,,11.95,0.35
J1746-2849,1.4783,32.2,58928.0,1535,,0.20,3,1456.0,,,,,,,,,
J1746-2856,0.9452,32.8,58975.0,600,2108,0.27,8,1218.4,,,,,,,,,
J1747-2809,0.0522,37.6,59041.9,3600,,0.44,4,1133.0,,0.0,,,,,,,
J1747-2958,0.0989,36.4,59041.9,3600,,0.35,4,101.5,,0.0,,,,,,,
J1748-1300,0.3941,32.9,58878.3,411,26,0.42,190,99.5,0.1,67.0,2.9,,,,,18.63,0.18
J1748-2021A,0.2886,32.8,58678.7,962,318,0.27,14,219.4,0.2,-9.9,3.0,,,,,,
J1749-2629,1.3354,31.4,58678.7,200,,0.99,9,409.0,2.5,,,,,,,,
J1749-5417,0.3076,32.3,58823.6,323,,0.45,15,68.5,0.3,,,,,,,,
J1750-3157,0.9104,31.0,58787.8,950,192,0.34,189,206.0,0.1,71.4,2.9,,,,,33.40,0.35
J1750-3503,0.6840,30.7,58831.6,706,,0.32,34,189.3,0.2,173.0,3.0,,,,,60.1,2.8
J1751-3323,0.5483,33.3,58787.8,581,,0.40,100,295.6,0.1,-233.8,3.0,,,,,22.15,0.35
J1751-4657,0.7424,32.1,58787.8,780,65,0.72,682,20.6,0.1,19.0,2.9,,,,,9.49,0.35
J1752+2359,0.4091,32.6,59081.8,422,,0.35,9,36.2,0.3,87.0,7.1,,,,,,
J1752-2806,0.5626,33.3,58787.8,591,63,12.68,413,50.3,0.1,96.0,3.0,,,,,7.38,0.18
J1754-3443,0.3617,32.7,58788.5,212,29,0.58,44,188.2,0.1,122.3,3.2,,,,,18.98,0.35
J1754-3510,0.3927,32.7,58788.5,210,144,0.73,134,81.7,0.1,242.7,3.1,,,,,11.25,0.35
J1755-0903,0.1907,33.6,58975.0,602,28,0.31,72,63.7,0.1,89.2,3.3,,,,,18.3,1.4
J1755-2025,0.3222,33.7,58823.6,338,541,0.53,18,364.6,0.1,428.0,5.7,,,,,,
J1755-2521,1.1761,33.3,58788.5,211,,1.15,3,252.0,,,,,,,,,
J1755-2550,0.3152,33.5,58823.6,642,2125,0.63,7,749.1,0.3,,,,,,,,
J1755-26,0.4309,33.8,58823.7,1275,,0.44,4,405.0,,0.0,,,,,,,
J1756-2225,0.4050,34.5,58655.9,202,737,0.81,10,325.8,0.3,,,,,,,,
J1757-1500,0.1794,34.0,58823.7,394,118,0.41,34,150.8,0.1,63.4,3.1,,,,,,
J1757-2421,0.2341,34.6,58802.7,274,16,1.05,124,179.6,0.1,-27.9,2.9,,,,,29.53,0.70
J1758-1931,0.6925,33.3,58624.1,202,,0.71,7,202.4,,298.5,4.1,,,,,,
J1758-2540,2.1073,30.8,58678.7,202,,1.01,4,218.2,,,,,,,,,
J1759-2205,0.4610,33.6,58833.5,475,,1.41,211,177.0,0.1,6.0,3.0,,,,,,
J1759-2307,0.5589,32.9,58678.7,202,,0.96,4,812.6,,,,,,,,,
J1759-2549,0.9567,33.7,58788.5,208,,1.04,24,424.0,0.1,60.8,4.5,,,,,,
J1759-3107,1.0789,32.1,58851.2,1113,151,0.30,344,128.9,0.1,143.0,2.9,,,,,8.09,0.18
J1800-0125,0.7831,33.0,58975.0,601,87,0.31,59,50.4,0.1,39.1,3.0,,,,,23.6,1.4
J1801-0357,0.9214,32.2,58882.1,955,189,0.24,230,120.4,0.1,32.0,3.0,,,,,13.01,0.70
J1801-2304,0.4159,34.8,58831.6,433,185,0.90,31,1070.8,0.2,,,547,10,4.5290,0.0030,,
J1801-2451,0.1250,36.4,58802.7,145,24,1.11,36,292.0,0.1,605.7,3.0,,,,,33.8,2.8
J1801-2920,1.0819,32.0,58833.4,1112,412,0.37,346,125.4,0.1,-62.0,2.9,,,,,20.39,0.70
J1802+0128,1.1085,31.8,58975.0,602,,0.31,39,98.0,0.1,,,,,,,7.03,0.70
J1802-1745,0.5147,32.2,58788.5,210,,0.71,24,264.6,0.1,287.8,6.2,,,,,,
J1802-2426,0.5690,33.3,58678.7,202,,0.92,4,711.0,,,,,,,,,
J1803-1920,0.4437,32.2,58788.5,211,93,0.76,16,435.1,0.2,83.1,5.3,,,,,,
J1803-2137,0.1337,36.3,58723.0,901,18,0.50,190,234.0,0.1,-37.8,2.9,,,,,118.8,1.1
J1803-3329,0.6334,31.7,58975.1,602,,0.43,119,171.0,0.1,465.0,3.0,,,,,11.95,0.35
J1805+0306,0.2187,33.6,59000.9,600,15,0.38,122,80.9,0.1,38.9,2.9,,,,,19.69,0.35
J1805-0619,0.4546,32.6,58878.3,475,49,0.38,114,145.9,0.1,61.1,2.9,,,,,21.09,0.35
J1805-2032,0.4058,33.7,58678.8,202,,0.91,8,929.5,0.5,,,,,,,,
J1806+1023,0.4843,31.3,59007.9,600,114,0.29,54,52.1,0.1,23.6,3.4,,,,,,
J1806-1154,0.5226,32.6,58878.3,539,,0.57,115,122.2,0.1,255.9,2.9,,,,,26.72,0.18
J1806-1618,0.6683,32.0,58655.9,202,,0.65,6,319.0,,0.0,,,,,,,
J1806-2125,0.4819,34.6,59121.8,504,221,0.90,9,750.4,0.7,,,,,,,,
J1807+0756,0.4643,31.7,59007.9,599,76,0.28,46,89.3,0.1,143.8,5.0,,,,,20.74,0.70
J1807-0847,0.1637,32.4,58802.7,184,6,0.69,528,112.3,0.1,166.0,2.9,,,,,26.72,0.35
J1807-2715,0.8278,32.9,58851.3,856,,0.36,235,312.5,0.1,-443.5,3.0,,,,,10.90,0.18
J1808-0813,0.8760,31.9,58878.3,906,,0.31,201,150.9,0.1,69.2,2.9,,,,,15.47,0.18
J1808-1020,0.5970,32.1,58788.5,210,33,0.64,40,224.7,0.1,125.9,3.1,,,,,15.82,0.70
J1808-1517,0.5446,32.8,58788.5,212,125,0.66,29,207.0,0.1,-167.7,5.5,,,,,11.60,0.70
J1808-3249,0.3649,33.8,58831.6,378,100,0.49,115,147.3,0.1,299.6,3.0,,,,,17.93,0.35
J1809-0119,0.7450,32.3,59012.8,899,,0.27,97,138.6,0.1,22.0,3.0,,,,,11.25,0.35
J1809-0743,0.3139,32.3,58788.5,210,88,0.60,19,240.1,0.1,-43.4,4.0,,,,,21.09,0.70
J1809-1429,0.8952,32.5,58878.3,923,85,0.32,148,409.5,0.1,-75.3,3.2,,,,,10.20,0.35
J1809-1917,0.0828,36.3,58591.0,240,31,0.96,24,197.3,0.1,41.0,2.9,,,,,111.1,2.8
J1809-1943,5.5410,32.8,58526.2,512,,5.33,41,174.9,0.5,76.0,3.0,,,,,,
J1809-2109,0.7024,32.6,58833.5,731,317,0.58,117,381.6,0.1,,,,,,,7.73,0.18
J1810-1441,0.2172,32.0,58938.1,570,384,0.41,16,305.9,0.1,-151.0,3.8,,,,,,
J1810-1820,0.1537,32.8,58678.8,202,220,0.99,8,451.4,0.2,,,,,,,,
J1810-5338,0.2610,32.9,59000.9,600,24,0.43,300,44.6,0.1,58.0,2.9,,,,,30.23,0.35
J1811+0702,0.4617,33.0,59007.9,600,148,0.28,41,58.2,0.1,139.1,3.0,,,,,41,24
J1811-0154,0.9249,31.9,58882.1,955,82,0.27,84,147.7,0.1,30.4,3.0,,,,,13.71,0.35
J1811-1736,0.1042,31.5,58810.4,2050,626,0.29,19,474.7,0.1,,,42.0,1.0,3.240,0.090,,
J1811-2439,0.4158,32.2,58624.1,202,,0.74,22,166.6,0.2,-82.7,3.9,,,,,,
J1811-4930,1.4326,31.5,58928.0,1479,120,0.21,182,44.6,0.1,42.0,3.0,,,,,9.84,0.18
J1812+0226,0.7938,32.4,58928.1,826,159,0.27,84,104.1,0.1,213.3,3.4,,,,,9.14,0.18
J1812-1718,1.2054,32.6,58818.6,1256,183,0.38,147,254.4,0.1,70.6,3.1,31.80,0.20,3.950,0.030,17.93,0.70
J1812-1733,0.5384,32.4,58818.6,602,13,0.56,51,518.0,0.2,342.6,2.9,102.0,1.0,3.400,0.040,128.0,9.8
J1812-3039,0.5875,32.1,59007.8,600,113,0.35,91,140.8,0.1,47.6,3.0,,,,,14.41,0.70
J1813+1822,0.3364,31.3,59008.0,600,179,0.29,34,61.1,0.2,116.9,3.3,,,,,21.1,1.4
J1813-2113,0.4265,33.0,58818.6,482,146,0.49,24,459.3,0.1,392.1,4.1,,,,,19.7,2.8
J1814+1130,0.7512,32.2,59007.9,600,,0.27,16,64.6,0.5,,,,,,,,
J1814-0521,1.0142,31.5,59000.9,599,177,0.33,92,131.1,0.1,20.2,3.1,,,,,15.12,0.70
J1814-1744,3.9764,32.7,58678.8,200,,1.26,10,820.2,9.4,,,,,,,,
J1815-1738,0.1985,35.6,58928.1,210,381,1.02,8,724.6,0.2,166.0,3.6,,,,,,
J1816-0755,0.2176,34.4,58881.4,307,342,0.52,70,117.7,0.1,9.0,3.9,,,,,15.12,0.70
J1816-1729,0.7824,32.8,58818.6,832,40,0.51,116,523.3,0.1,,,14.30,0.10,4.470,0.070,17.23,0.70
J1816-5643,0.2179,30.9,59007.8,600,91,0.26,41,54.0,0.1,123.7,4.1,,,,,,
J1817-3618,0.3871,33.1,58788.6,412,111,0.43,283,94.2,0.1,66.0,2.9,,,,,15.82,0.35
J1817-3837,0.3845,32.6,58788.6,411,37,1.12,184,102.7,0.1,96.6,3.0,,,,,9.49,0.18
J1818-0151,0.8375,32.8,58928.1,867,572,0.26,30,201.4,0.2,127.0,4.2,,,,,,
J1818-1422,0.2915,33.5,58818.6,321,5,0.66,132,621.1,0.1,,,59.80,0.20,3.7870,0.0080,95.3,2.5
J1818-1607,1.3634,35.8,58924.4,902,,0.48,79,706.0,0.1,1442.0,2.9,45.00,0.50,4.410,0.080,,
J1819+1305,1.0603,31.1,58892.2,1095,184,0.22,97,64.8,0.1,114.8,3.0,,,,,27.77,0.18
J1819-0925,0.8520,32.3,58882.2,883,,0.32,95,379.5,0.1,63.0,2.9,,,,,14.06,0.35
J1819-1008,0.3015,33.3,58790.4,211,,0.62,16,404.3,0.2,123.0,3.6,,,,,30.9,2.8
J1819-1114,0.2942,32.9,58818.6,323,71,0.62,16,312.3,0.2,-215.6,3.7,51.0,2.0,4.40,0.10,90,14
J1819-1458,4.2635,32.5,59041.7,2240,48280,0.36,19,197.8,0.8,323.8,3.3,,,,,,
J1819-1510,0.2265,31.4,58818.6,283,52,0.88,21,419.8,0.1,233.9,3.3,19.70,0.40,3.990,0.080,47.8,4.2
J1819-1717,0.3935,33.3,58624.1,202,,0.84,4,405.0,,0.0,,,,,,,
J1820-0427,0.5981,33.1,58788.6,680,,0.52,1051,84.5,0.1,69.2,2.9,,,,,11.25,0.35
J1820-0509,0.3373,33.0,58722.9,902,315,0.28,127,102.2,0.1,78.9,3.0,,,,,22.85,0.70
J1820-1346,0.9215,32.4,58818.6,960,85,0.52,115,774.7,0.1,,,110.90,0.50,3.810,0.010,59.1,3.9
J1820-1529,0.3333,34.6,59121.8,343,,0.75,5,768.5,,849.0,32.5,,,,,,
J1820-1818,0.3099,32.1,58818.6,362,,0.57,62,436.3,0.1,-86.1,3.1,,,,,32.0,1.4
J1821+1715,1.3666,31.1,59008.1,600,,0.29,90,60.3,0.1,97.4,3.1,,,,,,
J1821-0256,0.4141,31.3,58928.1,435,,0.39,24,84.5,0.1,66.3,5.0,,,,,,
J1821-0331,0.9023,32.1,59007.9,600,366,0.34,26,171.5,0.1,179.8,3.4,,,,,,
J1821-1432,1.9149,31.5,58928.1,1976,814,0.31,39,570.0,0.2,84.4,4.5,,,,,18.3,1.4
J1822+0705,1.3628,31.4,59007.9,600,,0.33,106,62.3,0.1,158.0,3.4,,,,,,
J1822+1120,1.7870,31.2,59007.9,596,,0.29,12,95.2,2.0,108.0,5.7,,,,,,
J1822-1400,0.2148,33.6,58818.6,282,11,0.81,45,650.2,0.1,897.0,3.3,6.810,0.090,3.310,0.080,28.5,1.8
J1822-4209,0.4565,32.3,58813.7,474,,0.38,107,72.1,0.1,48.8,3.0,,,,,22.15,0.35
J1823+0550,0.7529,31.3,58892.2,776,55,0.43,280,66.8,0.1,145.0,2.9,,,,,28.83,0.18
J1823-0154,0.7597,32.0,58882.2,786,84,0.33,200,135.7,0.1,105.4,3.0,,,,,7.03,0.35
J1823-3106,0.2841,33.7,58788.6,340,19,0.45,722,50.3,0.1,95.0,2.9,,,,,11.25,0.18
J1824-0127,2.4992,31.0,58928.1,2583,796,0.20,282,62.9,0.1,74.3,3.3,,,,,10.20,0.18
J1824-0132,0.2237,32.0,58938.2,611,142,0.32,23,80.9,0.1,67.1,4.6,,,,,,
J1824-1118,0.4358,33.2,58818.6,483,25,0.52,88,603.0,0.1,176.5,3.0,26.90,0.20,3.770,0.020,42.2,4.6
J1824-1159,0.3625,33.7,58882.2,378,79,0.71,30,463.8,0.1,413.0,3.0,18.80,0.30,3.280,0.060,30.9,7.7
J1824-1350,1.3965,30.9,58928.1,1440,280,0.28,19,547.7,0.9,381.0,3.9,,,,,,
J1824-1423,0.3594,32.5,58765.7,203,52,0.85,35,428.3,0.1,-305.5,3.1,12.80,0.30,4.20,0.10,28.1,2.8
J1824-1945,0.1894,34.5,58788.6,210,5,0.93,965,224.4,0.1,-302.2,2.9,,,,,6.33,0.18
J1825+0004,0.7789,31.9,58938.2,811,59,0.34,136,56.6,0.1,21.0,3.0,,,,,15.12,0.18
J1825-0935,0.7690,33.7,58833.5,794,,2.07,410,19.4,0.1,65.2,2.9,,,,,22.15,0.18
J1825-1446,0.2792,34.6,58788.6,329,2354,0.63,17,352.9,0.2,-899.0,3.2,21.0,1.0,4.00,0.20,36.6,2.8
J1826-1131,2.0931,31.3,58851.3,2160,,0.29,277,319.5,0.1,27.3,2.9,,,,,13.71,0.18
J1826-1334,0.1015,36.4,58788.6,120,,1.19,31,231.7,0.1,10.0,2.9,,,,,,
J1826-1419,0.7706,32.9,59007.8,599,,0.53,10,157.8,2.6,,,,,,,,
J1827-0750,0.2705,33.5,58765.8,202,130,0.65,66,375.4,0.1,-401.9,3.0,,,,,50.6,1.4
J1827-0934,0.5126,33.3,58790.4,210,,0.82,17,259.5,0.1,-379.3,3.1,,,,,,
J1827-0958,0.2458,33.4,58853.3,259,,0.71,26,431.6,0.2,-75.0,4.6,,,,,83.0,5.6
J1828+1359,0.7416,31.9,59008.0,600,,0.28,33,76.8,0.3,121.9,3.4,,,,,,
J1828-0611,0.2694,33.5,58851.3,283,22,0.56,65,363.3,0.1,485.6,3.2,,,,,22.85,0.70
J1828-1007,0.1532,33.8,59012.9,900,718,0.37,13,301.4,0.1,,,,,,,,
J1828-1057,0.2464,34.7,59121.8,265,491,0.85,9,245.8,0.2,216.1,3.7,,,,,,
J1828-1101,0.0721,36.2,58788.6,100,13,1.39,15,605.0,0.1,66.5,3.1,,,,,,
J1828-2119,0.5146,32.6,58790.4,210,122,0.66,14,266.3,0.2,,,,,,,29.5,1.4
J1829+0000,0.1991,33.4,58977.0,312,287,0.95,7,117.4,,,,,,,,,
J1829-0734,0.3184,33.8,58790.4,210,212,0.68,28,317.6,0.1,249.3,4.6,,,,,21.8,1.8
J1829-1751,0.3071,33.9,58557.3,512,13,0.60,552,216.8,0.1,304.7,2.9,,,,,21.45,0.18
J1830-1059,0.4051,34.6,58802.8,432,54,0.67,138,159.7,0.1,47.0,2.9,,,,,8.44,0.18
J1831-0823,0.6122,31.7,58765.8,209,43,0.87,51,246.3,0.1,54.3,3.1,,,,,11.60,0.35
J1831-0952,0.0673,36.0,58931.1,483,353,0.69,8,246.3,0.1,-7.6,3.2,,,,,,
J1832-0644,0.7443,33.6,58868.6,770,,0.47,35,574.2,0.2,226.0,3.5,,,,,28.8,1.8
J1832-0827,0.6474,34.0,58788.6,680,50,0.62,413,301.2,0.1,14.2,2.9,,,,,13.01,0.35
J1832-1021,0.3304,33.7,58851.3,346,11,0.98,90,475.7,0.1,103.8,3.1,12.490,0.070,4.050,0.030,26.0,1.1
J1833-0338,0.6868,33.7,58765.8,205,39,0.68,393,234.4,0.1,-41.0,2.9,,,,,9.84,0.18
J1833-0559,0.4835,33.6,58853.3,499,83,0.49,15,349.5,0.3,,,180.0,6.0,3.780,0.090,,
J1833-0827,0.0853,35.8,58788.6,100,41,1.66,89,409.8,0.1,-289.0,3.0,,,,,59.1,2.8
J1833-1034,0.0620,37.5,58938.2,3602,6398,0.23,9,169.5,0.1,58.2,3.6,,,,,,
J1834-0010,0.5210,30.5,59053.8,599,290,0.36,16,88.7,0.3,48.8,4.0,,,,,,
J1834-0031,0.3295,32.7,59007.9,600,145,0.36,45,154.7,0.1,65.9,3.6,,,,,,
J1834-0426,0.2901,32.1,58788.6,310,7,0.57,180,79.7,0.1,91.7,2.9,,,,,128.67,0.70
J1834-0731,0.5131,34.2,59121.8,536,29,0.58,25,288.3,0.2,102.8,3.1,122.0,9.0,3.90,0.20,98.4,5.6
J1834-0742,0.7883,33.4,58938.2,819,208,0.49,22,536.6,0.4,-158.3,4.2,,,,,28.1,2.8
J1834-1202,0.6103,30.1,58851.3,635,108,0.42,47,342.8,0.1,-253.0,3.1,,,,,43.95,0.70
J1835-0349,0.8418,32.3,58938.2,879,,0.34,49,268.5,0.1,148.5,3.6,,,,,,
J1835-0643,0.3059,34.7,58788.6,331,18,0.77,23,467.1,0.2,62.7,3.5,110.0,3.0,3.770,0.070,,
J1835-09242,0.2352,31.6,59007.9,600,,0.53,4,500.0,,0.0,,,,,,,
J1835-0944,0.1454,34.7,59121.8,180,134,0.90,10,276.2,0.2,236.2,3.8,,,,,,
J1835-1020,0.3025,33.9,58833.6,314,45,0.65,141,115.7,0.1,123.7,3.0,,,,,12.66,0.35
J1835-1106,0.1659,35.3,58788.6,191,27,0.83,117,132.7,0.1,42.9,2.9,,,,,18.28,0.70
J1836-0436,0.3542,33.2,58853.3,371,14,0.54,137,231.5,0.1,14.9,3.0,,,,,18.28,0.35
J1836-1008,0.5627,33.4,58859.3,587,9,0.55,563,316.0,0.1,819.2,2.9,,,,,10.55,0.18
J1836-1324,0.1787,33.9,58938.2,409,84,0.44,54,157.0,0.1,81.4,3.5,,,,,32.0,2.5
J1837+1221,1.9634,31.5,58946.1,2024,208,0.19,211,100.2,0.1,150.2,2.9,,,,,8.44,0.35
J1837-0045,0.6170,32.4,58946.1,642,139,0.41,81,86.8,0.1,139.7,3.2,,,,,17.93,0.70
J1837-0559,0.2010,34.2,58946.1,210,104,0.87,13,318.0,0.1,,,,,,,,
J1837-0604,0.0963,36.3,58833.6,106,,1.30,5,459.3,0.6,320.8,5.2,62.0,6.0,5.010,0.020,,
J1837-0653,1.9059,30.6,58833.5,1962,562,0.52,134,315.6,0.3,-268.4,2.9,,,,,34.45,0.35
J1837-0822,1.0991,30.6,58931.1,1143,607,0.41,17,503.6,0.5,1281.0,4.6,,,,,,
J1837-1837,0.6184,33.0,58790.4,210,163,0.56,37,101.0,0.1,138.0,3.4,,,,,11.25,0.70
J1838+1523,0.5491,30.7,59008.1,599,,0.29,25,67.9,0.1,160.8,3.2,,,,,43.6,2.8
J1838+1650,1.9019,31.2,59008.1,597,,0.30,47,33.0,0.2,72.7,3.4,,,,,,
J1838-0453,0.3809,34.9,59121.8,399,,0.54,13,617.2,0.3,-54.0,4.1,,,,,,
J1838-0549,0.2353,35.0,59121.8,247,184,0.89,12,277.5,0.1,,,,,,,,
J1839-0141,0.9332,32.5,59007.9,600,4979,0.39,23,294.6,0.2,362.3,4.8,,,,,,
J1839-0223,1.2667,32.0,58946.1,1368,3500,0.29,20,337.0,0.7,137.2,4.1,,,,,,
J1839-0321,0.2388,34.6,58790.4,209,383,0.73,10,452.2,0.2,428.0,4.9,14.0,2.0,5.00,0.40,,
J1839-0332,2.6756,31.0,59012.9,1496,91688,0.27,59,189.6,0.4,494.4,3.6,,,,,6.33,0.35
J1839-0402,0.5210,33.3,58790.4,208,148,0.84,17,236.6,0.1,251.3,3.6,,,,,11.25,0.70
J1839-0436,0.1495,34.0,58743.8,203,240,0.83,10,291.6,0.5,276.7,3.8,,,,,,
J1839-0459,0.5854,32.8,58790.4,211,,0.92,15,237.0,0.1,71.0,6.0,,,,,,
J1839-0643,0.4495,33.2,58859.3,466,41,0.72,37,496.9,0.1,,,47.30,0.70,4.190,0.050,59,12
J1839-0905,0.4190,34.1,59012.9,600,,0.41,15,346.0,0.2,761.0,3.6,,,,,,
J1839-1238,1.9112,31.4,58946.1,1979,188,0.22,250,174.0,0.1,-17.9,2.9,,,,,9.14,0.18
J1840+0214,0.7974,32.8,58946.1,827,729,0.30,34,182.6,0.1,108.6,3.5,,,,,,
J1840-0559,0.8594,32.8,58790.4,211,157,1.04,24,321.2,0.2,254.8,6.0,23.50,0.40,3.850,0.090,18.6,1.8
J1840-0643,0.0356,31.9,58617.2,256,,0.85,4,500.0,,0.0,,,,,,,
J1840-0809,0.9557,32.0,58833.5,987,89,0.35,457,350.1,0.1,262.6,2.9,,,,,13.01,0.18
J1840-0815,1.0964,31.9,58868.6,1128,67,0.37,274,233.6,0.1,178.7,3.0,,,,,11.25,0.18
J1840-1122,0.9409,32.5,58946.3,979,515,0.28,39,310.4,0.1,21.2,4.2,,,,,9.84,0.70
J1840-1207,0.7545,32.5,58790.4,211,,0.62,49,290.8,0.1,-129.7,3.6,,,,,10.20,0.70
J1840-1419,6.5977,29.9,59041.8,3448,,6.25,23,17.7,0.1,,,,,,,,
J1841+0912,0.3813,32.9,58833.6,394,,0.38,126,49.1,0.1,51.2,2.9,,,,,13.36,0.18
J1841-0157,0.6633,33.4,58859.3,690,,0.49,92,475.0,0.1,98.3,3.1,,,,,21.45,0.70
J1841-0345,0.2041,35.4,58802.8,225,43,0.75,24,196.6,0.1,462.1,3.0,,,,,35.2,2.8
J1841-0425,0.1862,34.6,58788.6,210,,0.96,105,325.5,0.1,416.0,2.9,3.220,0.030,3.290,0.070,18.98,0.70
J1841-0500,0.9129,33.3,59007.9,599,,0.64,4,530.0,,,,,,,,,
J1841-0524,0.4458,35.0,58946.3,467,513,0.63,10,284.5,0.2,,,,,,,,
J1841-7845,0.3536,32.1,58790.4,210,,0.46,7,38.5,0.2,0.0,13.3,,,,,,
J1842+0257,3.0880,31.6,58946.2,3183,,0.16,160,144.6,0.1,69.6,2.9,,,,,10.90,0.18
J1842+0358,0.2333,33.4,58946.3,546,125,0.34,31,106.9,0.1,34.0,4.3,,,,,,
J1842+0638,0.3130,32.0,58946.3,330,108,0.47,24,214.4,0.1,335.9,3.2,,,,,,
J1842+1332,0.4716,31.9,58851.3,491,213,0.33,19,102.5,0.8,128.5,3.0,,,,,111.1,4.2
J1842-0153,1.0542,32.4,58869.3,1088,105,0.37,60,427.2,0.1,151.0,3.5,32.70,0.30,3.920,0.050,24.3,1.8
J1842-0359,1.8401,30.5,58792.8,1904,156,0.35,387,196.6,0.1,326.0,2.9,,,,,67.50,0.35
J1842-0415,0.5267,33.8,58743.8,267,94,0.93,23,183.8,0.1,-90.0,3.7,,,,,18.3,1.4
J1842-0800,1.2553,30.6,58931.1,1298,877,0.30,30,188.1,0.2,,,,,,,12.66,0.70
J1842-0905,0.3447,34.0,58802.8,370,,0.45,66,343.1,0.1,225.2,3.1,,,,,20.74,0.70
J1843+2024,3.4067,30.0,59081.8,1792,1067,0.19,32,85.3,0.3,,,,,,,,
J1843-0000,0.8804,32.7,58833.6,905,51,0.35,394,101.5,0.1,-52.9,2.9,,,,,15.47,0.18
J1843-0137,0.6699,32.5,58789.4,210,333,0.77,10,485.0,,,,,,,,,
J1843-0211,2.0275,31.8,58868.5,2232,,0.34,185,441.3,0.2,-84.9,2.9,,,,,17.93,0.35
J1843-0355,0.1323,34.3,59121.8,178,,1.25,6,797.7,0.7,255.1,3.7,,,,,,
J1843-0459,0.7550,31.9,58859.3,778,,0.49,65,444.8,0.1,335.6,3.1,,,,,42.9,1.4
J1843-0510,0.6716,32.7,58987.0,3066,,0.21,15,249.7,0.3,27.6,3.1,,,,,,
J1843-0702,0.1916,34.1,59012.9,1800,108,0.25,42,228.5,0.1,183.9,3.7,,,,,13.4,1.1
J1843-0744,0.4754,33.7,58951.1,505,195,0.46,26,319.7,0.1,698.0,5.0,,,,,,
J1843-0806,0.5365,33.6,58789.4,209,192,0.73,22,216.8,0.2,178.2,3.7,,,,,,
J1843-1507,0.5835,33.1,58946.3,609,58,0.33,139,214.0,0.1,392.6,3.1,,,,,11.60,0.35
J1844+1454,0.3755,33.1,58851.3,386,25,0.43,240,41.6,0.1,118.7,2.9,,,,,15.12,0.35
J1844-0030,0.6410,33.0,58951.1,667,,0.42,46,604.5,0.1,214.2,3.9,12.30,0.30,4.10,0.20,17.2,1.4
J1844-0244,0.5078,33.7,58833.6,522,52,0.53,39,425.3,0.1,107.7,3.4,20.00,0.40,3.310,0.090,32.7,2.5
J1844-0302,1.1985,32.3,58951.1,1242,375,0.39,18,546.8,0.9,948.0,4.7,,,,,,
J1844-0433,0.9910,32.2,58869.4,1025,153,0.40,138,123.0,0.1,7.0,3.4,,,,,9.84,0.35
J1844-0452,0.2694,33.1,58951.1,666,1550,0.45,8,626.0,,,,,,,,,
J1844-0538,0.2557,34.4,58788.6,280,7,0.73,114,411.6,0.1,16.0,2.9,11.730,0.070,4.070,0.030,32.7,1.4
J1845+0623,1.4215,30.9,58951.2,1472,85,0.24,131,115.8,0.1,236.8,3.1,,,,,6.68,0.18
J1845-0434,0.4868,33.6,58788.6,521,30,0.55,138,229.9,0.1,-248.0,3.0,,,,,18.28,0.35
J1845-0545,1.0923,32.6,58951.1,1127,177,0.33,83,316.3,0.1,404.6,3.8,,,,,10.90,0.35
J1845-0635,0.3406,33.7,58790.4,210,45,0.67,26,414.4,0.1,-224.0,3.8,,,,,26.7,2.1
J1845-0743,0.1047,34.1,58788.6,120,25,1.01,105,281.0,0.1,448.4,3.0,,,,,31.99,0.35
J1845-0826,0.6344,33.1,58790.4,210,1365,0.65,9,226.8,0.3,,,,,,,,
J1845-1114,0.2062,34.0,58951.0,224,,0.70,53,210.2,0.1,-3.8,3.0,,,,,9.84,0.35
J1846+0051,0.4343,33.7,58951.2,451,460,0.47,15,140.5,0.1,-60.1,3.4,,,,,19.7,1.4
J1846-0257,4.4769,31.9,59054.7,2400,24524,0.37,18,237.0,1.3,,,,,,,,
J1846-0749,0.3501,33.1,58743.8,207,19,0.70,58,389.9,0.1,261.0,3.5,7.140,0.060,3.620,0.060,17.9,1.1
J1846-07492,0.8613,32.5,58953.1,890,225,0.32,84,191.3,0.1,487.7,3.0,,,,,15.12,0.70
J1847-0402,0.5979,34.0,58792.8,631,36,0.51,403,141.0,0.1,105.5,2.9,,,,,17.58,0.18
J1847-0438,0.9579,32.7,58951.1,1002,130,0.39,132,234.8,0.1,40.6,3.2,,,,,7.73,0.35
J1847-0443,0.3408,31.4,58951.1,451,989,0.51,9,453.9,0.2,87.0,5.1,,,,,,
J1847-0605,0.7782,32.6,58833.6,803,336,0.38,152,206.3,0.1,374.3,3.2,,,,,17.23,0.35
J1848+0351,0.1914,32.6,58986.9,3275,,0.15,14,337.1,0.1,174.0,5.2,,,,,,
J1848+0604,2.2184,31.1,58951.2,2290,277,0.19,116,240.4,0.1,-119.8,3.0,,,,,8.79,0.35
J1848+0647,0.5059,33.4,58951.2,531,,0.42,3,27.9,,0.0,,,,,,,
J1848+0826,0.3286,32.5,58951.2,1195,,0.23,15,90.7,0.4,271.5,4.0,,,,,,
J1848+1516,2.2339,30.8,59121.8,2303,6231,0.17,41,77.4,0.5,237.6,3.0,,,,,49.22,0.70
J1848-0023,0.5376,32.6,58853.4,555,,0.53,88,34.9,0.1,24.4,3.7,,,,,16.17,0.35
J1848-0123,0.6595,32.9,58792.8,691,,0.56,1000,160.0,0.1,513.5,2.9,,,,,20.04,0.18
J1848-0601,0.2250,33.0,58743.8,203,183,0.72,13,498.7,0.2,,,,,,,,
J1848-1150,2.6242,30.5,58951.0,1359,,0.27,90,156.3,0.1,73.1,3.1,,,,,5.80,0.35
J1848-1243,0.4144,32.4,59007.9,600,3876,0.32,8,88.1,1.7,,,,,,,,
J1849+0409,0.7611,33.3,58951.2,795,15,0.35,58,64.0,0.1,-1.9,3.9,,,,,7.73,0.35
J1849+2423,0.2757,32.5,59081.9,284,29,0.48,37,62.3,0.1,15.2,3.1,,,,,35.2,1.4
J1849-0317,0.6684,33.5,58859.3,691,,0.46,42,39.5,0.1,-39.9,3.0,,,,,18.63,0.70
J1849-0614,0.9533,33.4,58951.1,987,138,0.38,72,118.2,0.1,365.0,3.3,,,,,11.25,0.70
J1849-0636,1.4514,32.8,58833.6,1496,958,0.34,643,147.8,0.1,489.3,3.0,,,,,6.33,0.35
J1850+0026,1.0819,31.0,58799.7,1131,,0.37,127,201.0,0.1,-21.2,3.0,,,,,32.70,0.18
J1850+0423,0.2907,32.2,58951.2,691,,0.33,11,266.6,0.2,24.2,3.6,,,,,,
J1850+1335,0.3456,33.1,58882.2,363,35,0.39,111,60.1,0.1,154.9,2.9,,,,,11.95,0.35
J1850-0006,2.1914,31.2,58868.5,2256,1234,0.30,22,646.5,1.3,698.5,3.8,260.0,7.0,4.20,0.10,74.5,8.4
J1850-0026,0.1666,35.5,58979.9,901,33,0.41,35,948.8,,660.4,2.9,46.50,0.60,4.9460,0.0020,122,17
J1851+0233,0.3440,33.3,58986.0,2195,,0.21,5,606.0,,0.0,,,,,,,
J1851+0418,0.2847,33.3,58813.7,299,46,0.50,28,115.5,0.1,95.9,3.6,,,,,,
J1851+1259,1.2053,32.4,58882.2,1240,550,0.74,114,70.7,0.1,149.8,3.1,,,,,5.98,0.35
J1851-0029,0.5187,33.1,58951.1,537,73,0.53,32,521.0,0.1,652.0,4.1,,,,,22.1,1.8
J1851-0053,1.4090,31.1,58859.3,1456,711,0.36,162,24.5,0.1,-19.1,3.1,,,,,8.44,0.18
J1851-0114,0.9533,32.0,58743.8,200,440,0.91,17,429.5,0.2,367.5,4.4,,,,,,
J1852+0008,0.4679,33.3,58951.2,490,215,0.60,17,254.9,0.2,,,,,,,,
J1852+0013,0.9577,32.8,58951.2,994,404,0.43,20,545.0,0.3,449.6,4.2,,,,,,
J1852-0118,0.4515,32.9,58743.8,202,,0.81,14,285.4,0.2,707.9,3.6,,,,,38.0,5.6
J1852-0127,0.4289,33.4,58951.1,450,93,0.56,16,431.0,0.2,,,57.0,3.0,3.60,0.10,69,15
J1852-0635,0.5242,33.6,58792.8,548,224,0.42,152,173.5,0.1,414.5,2.9,,,,,77.34,0.70
J1852-2610,0.3364,32.0,58802.7,361,11,0.36,118,56.8,0.1,-21.0,2.9,,,,,29.53,0.35
J1853+0011,0.3979,34.3,58951.3,418,,0.60,10,568.8,0.4,753.0,7.3,,,,,,
J1853+0505,0.9051,31.8,58882.2,938,1073,0.29,8,279.0,,12.4,6.4,,,,,,
J1853+0545,0.1264,34.1,58775.5,205,12,0.65,37,198.7,0.1,73.0,4.1,20.00,0.30,3.130,0.040,74.2,6.7
J1853-0004,0.1014,35.3,58802.8,121,56,0.90,21,437.7,0.1,630.2,3.1,,,,,52.0,5.6
J1854+0306,4.5579,31.8,59042.9,2400,14446,0.25,29,196.6,0.5,-45.1,3.6,,,,,,
J1854+0319,0.6285,30.9,58951.3,650,,0.42,16,479.1,0.2,223.9,3.7,,,,,,
J1854-1421,1.1465,32.0,59000.9,660,,0.49,161,130.3,0.1,89.1,2.9,,,,,14.77,0.18
J1855+0205,0.2468,32.2,58953.1,386,,0.63,7,867.3,,0.0,9.3,,,,,,
J1855+0307,0.8453,33.1,58882.2,872,146,0.50,63,401.3,0.1,69.2,3.0,,,,,10.90,0.35
J1855+0527,1.3935,33.6,58953.1,1442,447,0.27,22,362.0,0.5,128.0,3.1,,,,,,
J1855+0700,0.2587,33.2,58953.1,611,316,0.36,15,247.1,0.1,,,,,,,,
J1855-0941,0.3454,32.4,59183.6,360,32,0.44,37,152.0,0.1,164.1,3.0,,,,,46.4,2.5
J1856+0102,0.6202,32.3,58953.1,642,215,1.02,13,554.0,,,,,,,,,
J1856+0113,0.2676,35.6,58881.4,282,245,1.77,59,96.1,0.1,-121.9,3.0,,,,,9.14,0.70
J1856+0245,0.0809,36.7,58986.0,1803,,0.27,9,623.5,0.2,257.1,3.2,,,,,,
J1856-0526,0.3705,33.1,58712.9,901,107,0.29,42,132.0,0.1,159.3,3.3,,,,,38.7,1.8
J1857+0057,0.3569,31.7,58882.3,371,,0.67,33,82.4,0.1,89.3,3.0,,,,,35.9,1.4
J1857+0143,0.1398,35.7,58980.0,1801,566,0.15,16,249.0,,28.9,3.0,50.0,2.0,4.00,0.10,,
J1857+0212,0.4158,34.3,58882.2,434,,0.70,115,505.2,0.2,423.0,3.0,,,,,20.39,0.35
J1857+0300,0.7726,32.4,58986.0,2763,2369,0.23,11,691.7,0.8,,,,,,,,
J1857+0526,0.3500,33.8,58813.7,371,,0.54,38,465.9,0.1,951.3,3.1,24.00,0.60,3.780,0.070,30.9,2.8
J1857+0809,0.5029,33.2,58953.1,521,1019,0.43,11,281.5,0.5,,,,,,,,
J1858+0319,0.8674,30.8,58953.1,1395,1188,0.31,13,282.3,0.8,-155.2,5.2,,,,,,
J1858+0346,0.2568,33.7,58953.1,1482,,0.30,5,386.0,,0.0,9.0,,,,,,
J1859+0601,1.0442,32.9,58953.2,1088,1329,0.32,13,276.0,0.4,77.2,4.2,125,26,4.40,0.70,,
J1859+0603,0.5085,32.7,58953.2,531,,0.43,5,378.6,,0.0,20.0,,,,,,
J1859+1526,0.9339,32.3,59008.1,600,252,0.29,24,97.5,0.3,331.8,3.9,,,,,,
J1900+0438,0.3123,33.6,58956.0,2152,,0.27,4,627.0,,0.0,,,,,,,
J1900+0634,0.3898,33.5,58953.2,410,389,0.47,23,323.6,0.1,636.3,4.0,,,,,,
J1900-0051,0.3852,32.0,58953.2,402,46,0.43,63,136.5,0.1,231.4,3.1,,,,,13.36,0.70
J1900-0933,1.4238,30.5,58931.1,1475,,0.19,111,164.9,0.3,41.9,2.9,,,,,62.93,0.70
J1900-2600,0.6123,31.5,58792.8,650,,0.40,589,38.2,0.1,-9.3,2.9,,,,,37.97,0.18
J1900-7951,1.2792,31.5,59000.9,659,,0.30,233,36.7,0.1,25.9,3.0,,,,,,
J1901+0124,0.3188,33.6,58953.2,345,182,0.51,20,314.8,0.1,365.1,3.2,,,,,,
J1901+0156,0.2882,33.6,58953.2,307,57,0.53,71,105.3,0.1,-34.6,3.1,,,,,17.93,0.70
J1901+0234,0.8852,33.1,58953.2,913,699,0.33,24,404.8,0.4,-34.2,3.4,,,,,,
J1901+0331,0.6555,33.0,59183.6,679,26,0.47,772,401.2,0.1,-237.4,2.9,,,,,18.98,0.18
J1901+0355,0.5547,33.5,58953.2,579,748,0.53,17,547.0,0.2,674.2,3.6,,,,,,
J1901+0459,0.8770,33.0,58953.2,978,4320,0.35,7,1108.0,,0.0,13.6,,,,,,
J1901+0511,4.6004,31.0,59042.9,2392,1013,0.26,89,410.0,0.2,808.0,4.0,,,,,7.03,0.35
J1901+0716,0.6440,32.5,58882.2,667,,0.39,150,252.6,0.1,274.8,3.0,,,,,22.15,0.35
J1901+1306,1.8309,29.9,59053.8,1500,,0.23,31,75.1,0.4,233.6,3.3,,,,,,
J1901-0312,0.3557,33.3,58678.8,962,2171,0.27,43,107.2,0.1,221.5,3.1,,,,,48.5,2.5
J1901-0906,1.7820,31.0,58833.6,1843,252,0.50,529,72.7,0.1,29.0,2.9,,,,,11.25,0.18
J1902+0556,0.7466,33.1,58853.4,771,52,0.56,208,177.2,0.1,-96.0,2.9,,,,,13.36,0.18
J1902+0615,0.6735,33.0,58859.3,700,83,0.45,534,503.0,0.1,545.9,3.0,,,,,6.68,0.18
J1902-1036,0.7867,32.8,58953.2,819,,0.27,48,95.8,0.1,28.0,4.0,,,,,8.79,0.70
J1903+0135,0.7293,32.6,58833.7,754,121,0.60,1074,244.9,0.1,72.3,2.9,,,,,9.14,0.18
J1903+0601,0.3741,34.1,58953.2,395,184,0.59,18,386.2,0.1,159.2,4.3,,,,,14.1,1.4
J1903+0654,0.7912,32.9,58956.1,2118,,0.23,8,330.0,1.6,,,,,,,,
J1903+2225,0.6512,31.8,59081.9,671,149,0.30,45,109.2,0.1,57.7,3.3,,,,,14.41,0.70
J1903-0258,0.3014,33.0,58953.2,315,,0.45,16,112.8,0.1,,,,,,,,
J1903-0632,0.4319,33.2,59000.9,600,83,0.32,229,195.5,0.1,196.9,2.9,,,,,13.71,0.18
J1903-0848,0.8873,31.9,59007.9,599,,0.30,32,65.6,0.2,-4.1,3.7,,,,,9.8,1.4
J1904+0004,0.1395,33.2,58774.7,206,24,0.65,74,233.2,0.1,299.8,3.0,,,,,38.7,2.5
J1904+0738,0.2089,33.3,58953.2,219,923,0.65,12,278.3,0.1,,,,,,,,
J1904+0800,0.2633,34.6,58953.2,274,126,0.56,17,440.1,0.1,756.0,3.7,,,,,,
J1904+1011,1.8564,30.2,58931.1,1930,635,0.20,87,137.1,0.1,-105.3,2.9,,,,,33.40,0.35
J1904-0150,0.3794,32.8,58953.2,521,,0.35,38,158.6,0.1,200.8,3.2,,,,,12.7,2.8
J1904-1224,0.7507,31.8,58953.2,779,,0.26,90,118.2,0.1,39.9,3.2,,,,,11.95,0.35
J1905+0600,0.4412,32.7,58956.1,465,79,0.57,27,728.4,0.1,1099.0,5.3,,,,,28.1,2.8
J1905+0616,0.9897,33.7,58956.1,1036,137,0.39,93,256.1,0.1,148.0,3.0,,,,,7.73,0.35
J1905+0709,0.6480,32.9,58859.3,682,24,0.44,72,244.1,0.1,272.7,2.9,,,,,35.2,1.1
J1905+0902,0.2182,34.1,58956.2,581,489,0.39,15,433.4,0.1,,,,,,,,
J1905-0056,0.6432,32.7,58853.4,666,58,0.39,322,228.8,0.1,141.8,3.0,,,,,4.92,0.18
J1906+0414,1.0433,32.6,58956.2,1099,,0.28,4,349.0,,,,,,,,,
J1906+0509,0.3976,33.5,58956.2,597,2510,0.43,7,99.5,,0.0,10.4,,,,,,
J1906+0641,0.2673,33.6,58833.7,284,12,0.64,67,472.2,0.1,371.5,2.9,,,,,36.2,1.1
J1906+0649,1.2865,30.4,58931.2,1335,,0.30,41,250.0,0.1,-15.9,3.0,,,,,16.9,1.4
J1906+0746,0.1440,35.4,58881.4,155,,0.83,6,217.8,,150.0,5.3,,,,,,
J1906+0912,0.7753,31.0,58968.1,803,448,0.38,24,266.2,0.2,,,,,,,,
J1906+1854,1.0191,30.9,59008.1,599,364,0.27,16,156.8,1.1,,,,,,,,
J1907+0255,0.6187,31.6,58968.1,898,,0.29,15,259.8,0.2,,,,,,,,
J1907+0345,0.2401,34.4,58968.1,331,492,0.48,16,311.7,0.1,433.5,3.4,,,,,,
J1907+0602,0.1067,36.4,59008.0,600,,0.39,4,82.1,,0.0,,,,,,,
J1907+0631,0.3237,35.7,58980.0,1801,844,0.26,16,428.6,0.2,438.3,3.1,,,,,,
J1907+0731,0.3637,34.2,58968.1,379,130,0.57,24,239.8,0.1,285.6,4.0,,,,,16.88,0.70
J1907+0740,0.5747,32.1,58968.1,594,130,0.46,67,334.7,0.1,578.5,3.2,,,,,13.36,0.35
J1907+0859,1.5269,31.8,58973.1,1703,,0.26,23,186.1,0.3,216.5,4.3,,,,,,
J1907+0918,0.2262,35.5,58980.0,901,59,0.33,82,357.8,0.1,691.8,3.0,,,,,6.68,0.35
J1907+1149,1.4201,33.3,58973.1,1465,375,0.23,76,207.2,0.1,917.0,3.5,,,,,7.03,0.35
J1907+1247,0.8271,32.1,59001.0,856,1089,0.29,21,257.0,0.2,1160.0,4.4,,,,,,
J1907-1532,0.6322,32.7,59008.0,600,,0.28,54,72.3,0.1,27.9,3.3,,,,,19.0,1.1
J1908+0500,0.2910,33.6,58853.4,305,88,0.66,176,201.3,0.1,132.1,3.3,,,,,6.68,0.35
J1908+0734,0.2123,33.5,58986.1,227,145,0.71,14,11.1,0.1,,,,,,,,
J1908+0833,0.5121,32.8,58986.1,536,,0.43,5,700.1,,0.0,18.9,,,,,,
J1908+0839,0.1854,34.2,58956.0,204,168,0.68,10,512.1,0.1,,,,,,,,
J1908+0909,0.3365,34.6,58956.0,359,147,0.55,22,466.0,0.1,367.1,3.4,,,,,19.7,1.4
J1908+0916,0.8302,30.8,58956.1,863,231,0.36,28,250.2,0.3,308.4,3.6,,,,,40.8,1.4
J1908+2351,0.3776,31.1,59081.9,389,,0.37,5,101.7,,0.0,,,,,,,
J1909+0007,1.0170,32.3,59183.6,1300,100,0.24,690,112.8,0.1,5.1,2.9,,,,,7.38,0.35
J1909+0254,0.9899,32.3,58802.8,1034,47,0.24,321,171.6,0.1,268.1,3.0,,,,,11.95,0.18
J1909+0641,0.7417,32.5,58956.1,782,,0.37,14,36.7,0.5,,,,,,,16.88,0.70
J1909+0749,0.2372,35.7,58986.1,1803,,0.27,24,539.3,0.1,,,,,,,,
J1909+0912,0.2230,35.1,58956.1,248,694,0.69,6,422.9,,253.3,3.8,,,,,,
J1909+1102,0.2836,33.7,58859.4,299,,0.58,231,149.8,0.1,552.4,2.9,,,,,14.41,0.35
J1909+1148,0.4489,31.5,58973.1,466,752,0.40,16,199.8,0.4,,,,,,,,
J1909+1859,0.5424,31.4,59008.1,600,68,0.27,45,64.8,0.1,216.7,3.2,,,,,16.9,1.1
J1910+0225,0.3379,32.4,58833.7,354,100,0.41,28,209.7,0.1,,,,,,,32.3,1.4
J1910+0358,2.3304,31.1,58813.7,2407,,0.19,271,84.1,0.1,-127.0,2.9,,,,,70.66,0.35
J1910+0517,0.3080,33.0,58973.1,321,,0.52,4,306.7,,0.0,,,,,,,
J1910+0714,2.7123,31.1,58993.9,2792,,0.35,155,124.4,0.1,146.1,3.0,,,,,6.33,0.18
J1910+0728,0.3254,34.0,58853.4,339,248,0.52,63,284.0,0.1,568.2,3.4,,,,,22.50,0.70
J1910+1231,1.4416,32.0,58973.1,1488,482,0.23,120,258.5,0.1,1000.7,3.0,,,,,10.55,0.35
J1910-0309,0.5046,32.8,58973.1,521,12,0.41,123,205.5,0.1,152.0,3.0,,,,,17.93,0.35
J1911+1758,0.4604,30.7,59008.1,600,284,0.30,25,49.0,0.2,,,,,,,,
J1912+1036,0.4093,34.0,58973.1,425,120,0.46,31,146.7,0.1,155.5,3.0,,,,,26.7,2.8
J1912+2104,2.2330,31.6,59069.8,2296,242,0.22,400,88.6,0.1,148.0,2.9,,,,,14.06,0.35
J1913+0657,1.2571,31.7,58973.1,1879,,0.24,20,143.6,0.2,16.9,4.6,,,,,,
J1913+0832,0.1344,34.9,58775.5,204,52,0.68,13,355.8,0.1,484.8,3.5,,,,,,
J1913+0904,0.1632,35.2,58973.2,177,186,0.76,25,96.8,0.1,-3.5,3.6,,,,,,
J1913+0936,1.2419,30.9,58973.2,1281,714,0.28,23,156.1,0.2,140.6,3.2,,,,,,
J1913+1000,0.8371,33.0,58973.2,866,,0.38,30,423.0,0.2,497.0,4.0,,,,,26.7,1.4
J1913+1011,0.0359,36.5,58774.6,203,53,0.71,18,178.5,0.1,220.0,4.3,,,,,43.6,1.4
J1913+1050,0.1901,33.0,58975.1,2089,2364,0.23,11,231.1,0.2,,,,,,,,
J1913+1145,0.3060,33.8,58973.2,321,107,0.51,21,643.6,0.1,928.2,4.4,15.20,0.70,3.90,0.20,32.3,2.8
J1913+1330,0.9234,32.6,59008.0,600,,0.35,3,175.6,,0.0,,,,,,,
J1913+1400,0.5215,32.3,58892.2,537,18,0.37,214,145.1,0.1,600.6,2.9,,,,,14.06,0.35
J1913-0440,0.8260,32.5,58792.8,871,,0.54,1995,89.4,0.1,4.0,2.9,,,,,7.73,0.18
J1914+0219,0.4576,32.6,59183.6,480,,0.39,171,235.5,0.1,279.2,2.9,,,,,16.88,0.18
J1914+0631,0.6938,30.6,58931.2,728,,0.35,23,58.5,0.2,-95.4,4.7,,,,,,
J1914+1122,0.6010,32.1,58973.2,625,104,0.42,52,100.3,0.1,368.0,3.0,,,,,13.71,0.18
J1915+0227,0.3173,32.6,58973.2,329,24,0.48,79,192.1,0.1,158.9,3.3,,,,,31.29,0.70
J1915+0738,1.5426,31.6,58973.2,1592,,0.27,362,39.0,0.1,-6.8,2.9,,,,,4.57,0.35
J1915+0752,2.0582,29.8,58975.1,2127,404,0.20,65,104.7,0.2,211.3,3.4,,,,,7.03,0.18
J1915+0838,0.3428,33.2,58973.2,362,126,0.47,20,358.0,0.1,412.0,3.7,,,,,26.7,1.4
J1915+1009,0.4046,34.0,58859.4,418,42,0.51,301,241.6,0.1,431.0,2.9,,,,,8.44,0.18
J1915+1410,0.2975,31.9,58973.2,802,465,0.30,18,272.8,0.1,,,,,,,,
J1915+1606,0.0590,33.2,58774.6,205,,0.62,15,168.8,0.1,,,,,,,,
J1915+1647,1.6161,30.6,59001.0,853,214,0.29,110,62.7,0.1,,,,,,,10.55,0.35
J1916+0844,0.4400,33.1,58975.1,457,24,0.41,69,339.3,0.1,596.3,3.1,12.80,0.10,4.140,0.070,23.6,2.5
J1916+0951,0.2703,33.7,58833.7,282,17,0.59,129,61.0,0.1,97.0,2.9,,,,,16.52,0.18
J1916+1030,0.6289,30.7,58975.1,649,,0.39,22,388.2,0.1,,,,,,,22.5,2.8
J1916+1225,0.2274,34.9,58975.2,337,,0.51,13,265.3,0.1,816.1,3.9,,,,,,
J1916+1312,0.2818,33.8,58853.4,291,18,0.63,175,236.9,0.1,280.0,2.9,,,,,12.30,0.18
J1916-2939,1.2486,31.4,59008.0,598,,0.28,19,38.0,0.2,-14.7,3.6,,,,,,
J1917+0834,2.1295,31.9,58975.1,2200,630,0.20,219,29.2,0.1,-48.7,2.9,,,,,11.60,0.18
J1917+1353,0.1947,34.6,58774.6,205,,1.31,253,94.6,0.1,233.0,2.9,,,,,15.47,0.35
J1917+1737,0.3347,32.5,58975.2,1537,705,0.19,24,208.2,0.1,,,,,,,,
J1918+1444,1.1812,33.7,58859.3,1231,297,0.41,285,27.2,0.1,-41.7,2.9,,,,,8.09,0.35
J1918+1541,0.3709,33.3,59041.9,1800,476,0.20,27,11.5,0.2,-5.0,3.6,,,,,,
J1918-1052,0.7987,31.8,59008.0,599,196,0.31,45,62.7,0.1,-72.0,3.6,,,,,8.09,0.70
J1919+0021,1.2723,32.2,59183.6,1319,512,0.28,497,90.3,0.1,120.0,2.9,,,,,10.20,0.18
J1919+0134,1.6041,30.7,59183.6,1656,402,0.23,373,191.9,0.1,47.0,2.9,,,,,17.93,0.35
J1919+1314,0.5714,32.9,58975.2,593,445,0.42,14,613.4,0.5,,,,,,,,
J1919+1645,0.5627,31.7,58975.2,584,,0.31,19,207.8,0.1,,,,,,,,
J1919+1745,2.0812,30.9,58987.0,2148,752,0.20,149,142.4,0.1,518.9,3.0,,,,,12.66,0.35
J1920-0950,1.0377,31.1,58975.2,1073,750,0.22,20,95.3,0.2,-38.9,3.3,,,,,,
J1921+0812,0.2106,34.4,58975.2,242,,0.54,97,82.8,0.1,214.4,2.9,,,,,5.98,0.35
J1921+1419,0.6182,33.0,58802.7,650,136,0.36,102,92.3,0.1,164.8,2.9,,,,,23.20,0.70
J1921+1544,0.1436,34.1,58975.2,281,,0.32,6,385.0,,0.0,,,,,,,
J1921+1948,0.8211,31.8,58833.6,851,,0.27,97,154.1,0.1,137.8,3.0,,,,,58.7,1.1
J1921+2003,0.7607,30.7,59081.9,784,,0.31,115,98.0,0.1,134.6,3.1,,,,,18.63,0.18
J1921+2153,1.3373,31.3,59069.8,1378,32,2.98,633,12.4,0.1,-17.0,2.9,,,,,11.60,0.18
J1922+1131,0.5620,30.8,58975.2,706,1222,0.32,10,335.0,0.9,,,,,,,,
J1922+1733,0.2362,34.6,58853.4,250,125,0.53,78,234.1,0.1,522.9,2.9,,,,,18.28,0.35
J1923+1706,0.5472,31.0,58987.1,577,125,0.37,27,141.6,0.1,587.0,3.6,,,,,18.28,0.70
J1924+1631,2.9351,32.8,58987.1,3024,,0.18,41,518.5,0.3,668.3,4.2,,,,,,
J1924+1639,0.1580,34.4,58987.1,291,94,0.53,19,208.9,0.1,548.7,3.1,,,,,,
J1925+1720,0.0757,36.0,58980.0,3601,3064,0.15,12,222.3,0.1,447.4,3.3,,,,,,
J1926+0431,1.0740,31.9,59001.0,598,172,0.33,236,102.4,0.1,-39.5,3.0,,,,,9.14,0.18
J1926+0737,0.3180,32.7,58987.1,1467,10458,0.22,17,157.9,0.1,,,,,,,,
J1926+1434,1.3248,30.6,58987.1,1377,242,0.26,158,211.4,0.1,249.3,2.9,,,,,40.43,0.35
J1926+1648,0.5798,33.6,58859.4,602,,0.40,305,176.6,0.1,320.0,2.9,,,,,11.95,0.35
J1926+1928,1.3459,31.4,59001.0,704,,0.32,12,450.7,1.1,,,,,,,,
J1926+2016,0.2991,33.7,59069.8,569,133,0.30,43,249.2,0.1,184.0,3.2,,,,,,
J1926-0652,1.6089,30.6,58818.6,1664,1420,0.17,40,85.2,0.2,-46.5,3.1,,,,,55.2,1.1
J1926-1314,4.8643,31.1,59043.0,2528,4504,0.16,62,40.8,0.3,-74.7,4.0,,,,,4.22,0.35
J1927+0911,0.2903,32.0,58987.1,313,61,0.45,42,202.6,0.1,489.7,4.4,,,,,9.1,1.1
J1927+1852,0.4827,31.6,58931.2,512,94,0.36,49,264.5,0.1,250.7,3.0,,,,,21.09,0.35
J1927+1856,0.2983,33.5,58987.1,315,355,0.45,14,97.9,0.1,,,,,,,40.8,5.6
J1927+2234,1.4311,31.0,59069.8,1472,,0.20,100,186.2,0.1,232.3,3.3,,,,,18.63,0.35
J1928+1443,1.0107,30.9,58987.1,1057,988,0.27,20,101.0,0.6,36.9,3.4,,,,,,
J1928+1746,0.0687,36.2,58980.0,1802,376,0.21,19,176.7,0.1,205.8,3.0,,,,,,
J1928+1923,0.8174,32.7,58802.7,856,68,0.25,59,480.4,0.1,345.9,3.3,48.60,0.50,3.940,0.050,42.2,3.5
J1929+1357,0.8670,32.3,58833.6,898,,0.09,11,150.7,,0.0,,,,,,,
J1929+1844,1.2204,31.7,59001.0,703,519,0.34,34,112.0,0.3,173.4,4.3,,,,,,
J1929+1955,0.2578,33.8,58987.2,282,87,0.46,37,279.1,0.1,301.4,3.0,,,,,22.85,0.70
J1929+2121,0.7236,32.3,59069.8,744,,0.31,122,63.3,0.1,105.3,3.1,,,,,4.57,0.35
J1930+1316,0.7600,32.5,58987.2,787,,0.28,56,212.8,0.1,11.6,3.4,,,,,9.8,1.1
J1930+1852,0.1373,37.1,59012.9,7200,,0.10,5,308.0,0.5,,,,,,,,
J1930-1852,0.1855,32.0,58986.9,2056,,0.15,49,42.9,0.1,,,,,,,17.6,1.4
J1931+1439,1.7791,31.6,58987.2,1847,,0.08,23,239.5,0.4,15.5,3.2,,,,,,
J1931+1536,0.3143,33.8,58952.3,331,124,0.44,21,138.2,0.1,184.5,3.8,,,,,26.7,1.4
J1931+1952,0.5011,31.5,58952.3,522,262,0.35,23,444.3,0.1,148.7,5.8,,,,,9.8,1.4
J1932+1059,0.2265,33.6,58853.4,234,14,2.17,1384,3.2,0.1,-6.9,2.9,,,,,18.63,0.35
J1932+1500,1.8642,30.4,58931.2,1928,1296,0.27,38,91.0,0.2,-86.5,3.4,,,,,,
J1932+2220,0.1445,35.9,58980.1,901,10,0.25,377,218.9,0.1,141.8,2.9,,,,,11.25,0.18
J1932-3655,0.5714,31.8,58859.4,594,88,0.30,94,59.8,0.1,5.7,3.0,,,,,13.01,0.70
J1933+0758,0.4374,32.0,59008.0,600,395,0.31,20,165.3,0.1,319.8,5.0,,,,,,
J1933+1304,0.9282,31.2,58952.3,963,133,0.34,155,176.5,0.1,-124.8,3.0,,,,,11.95,0.70
J1934+2352,0.1785,36.0,58994.0,1800,786,0.17,22,355.8,0.1,-35.6,3.2,,,,,,
J1935+1159,1.9396,30.7,58987.2,2000,1366,0.17,58,188.8,0.1,-83.0,3.1,,,,,53.09,0.70
J1935+1616,0.3588,33.7,58833.7,371,6,1.05,3635,158.6,0.1,-3.0,2.9,,,,,9.14,0.18
J1935+1745,0.6544,31.7,58952.3,683,199,0.32,55,214.1,0.1,39.8,4.2,,,,,8.09,0.70
J1935+2025,0.0801,36.7,59043.0,900,30,0.27,54,181.3,0.1,22.3,3.0,,,,,20.7,1.4
J1936+1536,0.9673,32.3,59001.0,600,812,0.32,38,189.1,0.9,192.6,3.5,,,,,,
J1938+0650,1.1215,32.2,59008.0,598,122,0.34,155,75.1,0.1,97.5,3.2,,,,,6.68,0.18
J1938+2010,0.6871,32.6,59069.9,975,791,0.24,15,329.1,0.2,145.0,3.8,,,,,,
J1938+2213,0.1661,35.6,58980.1,901,373,0.25,104,93.0,0.1,141.3,2.9,,,,,25.3,3.9
J1940+2245,0.2589,34.5,59069.9,584,1138,0.30,10,223.6,0.2,103.2,3.6,,,,,,
J1940+2337,0.5469,34.3,59069.9,922,,0.24,14,252.1,0.2,226.1,3.3,,,,,,
J1941+0121,0.2173,32.9,59008.0,600,,0.30,35,52.3,0.1,-92.0,2.9,,,,,56.2,2.8
J1941+1026,0.9053,31.7,59009.1,600,133,0.30,49,138.9,0.1,-126.3,3.7,,,,,,
J1941+1341,0.5591,32.4,59009.1,600,85,0.30,39,144.4,0.1,-91.5,3.4,,,,,21.1,1.4
J1941-2602,0.4029,32.8,58792.8,430,,0.63,366,50.0,0.1,-33.5,2.9,,,,,9.84,0.18
J1942+1743,0.6962,31.1,59001.0,735,1589,0.26,10,187.2,2.3,,,,,,,,
J1943+0609,0.4462,32.3,58853.4,466,35,0.36,95,70.8,0.1,-34.3,3.1,,,,,16.52,0.35
J1943-1237,0.9725,31.9,58802.8,1018,129,0.21,428,28.7,0.1,-67.7,3.0,,,,,8.09,0.18
J1944+1755,1.9969,30.6,59043.0,1080,915,0.24,112,171.7,0.1,-276.6,3.0,,,,,34.10,0.35
J1945+1834,1.0686,30.9,59001.0,599,1006,0.29,13,213.9,0.9,,,,,,,,
J1945-0040,1.0457,31.3,59183.7,1200,213,0.22,227,58.6,0.1,-62.2,2.9,,,,,25.31,0.70
J1946+1805,0.4406,31.0,58859.4,459,207,0.51,486,16.0,0.1,-45.3,2.9,,,,,41.48,0.35
J1946+2244,1.3345,31.2,59069.9,1375,141,0.21,85,140.0,0.1,2.0,3.0,,,,,9.84,0.70
J1946-1312,0.9838,31.9,58743.8,202,222,0.48,35,62.3,0.1,,,,,,,7.73,0.70
J1946-2913,0.9594,31.8,58905.2,994,178,0.28,541,44.4,0.1,9.2,2.9,,,,,8.79,0.18
J1947+0915,1.4807,30.8,58905.2,1530,,0.22,46,86.5,0.2,-115.2,3.3,,,,,14.4,1.8
J1947+1957,0.1575,33.7,58905.2,1267,1506,0.22,11,185.8,0.2,,,,,,,,
J1948+2333,0.5284,33.6,59080.8,545,154,0.36,43,198.9,0.1,,,,,,,7.03,0.70
J1949+2306,1.3194,30.3,59080.8,1358,524,0.24,36,196.3,0.1,146.6,3.5,,,,,16.9,2.8
J1949-2524,0.9575,32.2,58952.3,1000,259,0.23,257,23.1,0.1,-28.7,3.2,,,,,7.73,0.35
J1951+1123,5.0940,30.0,59043.1,2650,678,0.21,181,31.3,0.1,-52.8,3.2,,,,,3.52,0.18
J1952+1410,0.2750,32.4,59001.0,600,104,0.30,40,31.5,0.1,-22.7,3.5,,,,,14.1,1.4
J1953+1149,0.8518,32.3,59009.1,600,188,0.29,45,140.0,0.1,,,,,,,9.84,0.70
J1954+1021,2.0993,30.9,59009.1,598,,0.28,11,80.9,1.5,-22.6,5.3,,,,,,
J1954+2407,0.1934,33.8,59080.8,253,418,0.51,14,80.5,0.1,-7.6,3.9,,,,,,
J1956+0838,0.3039,32.5,58833.7,315,84,0.41,59,67.1,0.1,-113.5,3.1,,,,,32.0,1.1
J2002+1637,0.2765,32.6,59009.2,600,40,0.27,65,94.6,0.1,-41.3,3.2,,,,,20.7,1.1
J2005-0020,2.2799,31.9,58802.8,2357,1605,0.14,74,35.9,0.4,-64.9,3.1,,,,,9.84,0.35
J2006-0807,0.5809,31.0,58792.8,611,120,0.27,103,32.4,0.1,-62.0,2.9,,,,,60.12,0.35
J2007+0910,0.4587,32.1,59009.2,599,215,0.26,37,48.7,0.2,-77.8,3.3,,,,,9.8,1.4
J2013-0649,0.5801,32.1,59009.2,600,,0.28,58,63.4,0.1,-59.1,4.3,,,,,15.12,0.70
J2017+2043,0.5372,32.4,59080.8,554,85,0.34,71,60.5,0.1,-163.6,3.3,,,,,13.71,0.35
J2027+2146,0.3982,32.1,59080.8,411,558,0.37,15,97.1,0.4,,,,,,,,
J2037+1942,2.0743,31.0,59043.1,1080,379,0.27,287,37.1,0.1,-110.7,3.0,,,,,10.20,0.35
J2038-3816,1.5774,31.6,58823.8,1632,539,0.18,81,34.0,0.1,20.5,3.1,,,,,9.49,0.35
J2040+1657,0.8655,31.6,59009.2,599,386,0.28,35,50.7,0.1,-98.5,4.2,,,,,35.2,1.4
J2043+2740,0.0961,34.7,58994.0,1800,7,0.18,978,21.0,0.1,-96.1,2.9,,,,,17.23,0.18
J2045+0912,0.3955,32.1,59009.2,600,69,0.28,102,31.8,0.1,-89.5,2.9,,,,,24.26,0.70
J2046+1540,1.1384,30.7,58813.7,1176,104,0.22,402,39.8,0.1,-90.2,2.9,,,,,14.41,0.18
J2046-0421,1.5471,31.2,58813.7,1603,,0.18,849,36.0,0.1,-1.0,2.9,,,,,8.09,0.35
J2048+2255,0.2839,31.4,59080.8,292,421,0.43,14,70.7,0.2,-173.4,7.1,,,,,,
J2048-1616,1.9618,31.8,58786.8,2030,306,0.29,1627,11.8,0.1,-10.0,2.9,,,,,15.47,0.18
J2051+1248,0.5532,30.6,59121.8,568,360,0.27,16,43.5,0.4,,,,,,,,
J2053+1718,0.1193,30.8,59043.0,899,,0.22,5,27.0,,,,,,,,,
J2053-7200,0.3414,32.3,58813.8,355,26,0.36,124,17.6,0.1,17.0,2.9,,,,,38.32,0.70
J2108-3429,1.4230,31.7,58952.4,1480,211,0.24,196,30.2,0.1,60.9,3.0,,,,,6.33,0.18
J2111+2106,3.9540,30.3,59099.8,1792,,0.20,87,59.3,0.1,-75.0,3.8,,,,,,
J2116+1414,0.4402,32.1,58813.8,459,,0.32,97,56.0,0.1,-39.0,3.2,,,,,17.9,1.1
J2124+1407,0.6941,32.0,58813.8,723,,0.28,89,30.2,0.1,-48.3,3.0,,,,,15.12,0.18
J2127-6648,0.3258,32.4,58813.8,339,42,0.36,32,35.9,0.1,39.2,3.8,,,,,37.27,0.70
J2136-1606,1.2274,29.5,58813.8,1280,223,0.20,146,19.3,0.1,16.2,3.5,,,,,18.28,0.35
J2139+2242,1.0835,31.6,59099.8,1115,62,0.31,1290,44.2,0.1,-87.4,2.9,,,,,15.82,0.18
J2144-3933,8.5095,28.5,59043.1,4416,,0.12,2535,3.4,0.2,-2.0,3.0,,,,,,
J2151+2315,0.5935,32.1,59099.8,612,,0.28,4,23.6,,,,,,,,,
J2154-2812,1.3432,31.0,58952.4,1403,43,0.22,192,33.1,0.1,0.7,3.2,,,,,5.62,0.18
J2155-3118,1.0301,31.7,58802.8,1099,132,0.20,97,14.9,0.1,21.0,3.1,,,,,10.90,0.35
J2205+1444,0.9381,31.6,58783.9,303,,0.39,10,36.7,1.3,-25.5,5.1,,,,,,
J2215+1538,0.3742,33.3,58813.8,402,63,0.59,801,29.3,0.1,-20.0,2.9,,,,,7.73,0.18
J2234+2114,1.3587,30.5,59099.9,1398,849,0.20,60,30.6,0.6,-91.5,3.0,,,,,73.5,2.5
J2243+1518,0.5968,31.3,58783.9,303,1550,0.38,10,40.0,1.0,0.0,12.9,,,,,,
J2248-0101,0.4772,32.4,58952.4,507,60,0.28,146,29.1,0.1,-16.2,3.0,,,,,12.66,0.35
J2253+1516,0.7923,30.7,58813.8,843,145,0.34,165,29.4,0.1,-31.0,3.1,,,,,21.09,0.35
J2307+2225,0.5358,30.3,59099.9,552,33,0.38,300,7.0,0.1,-11.6,2.9,,,,,14.06,0.35
J2317+2149,1.4446,31.1,59099.9,1484,496,0.23,136,20.9,0.1,-37.9,3.3,,,,,8.44,0.35
J2324-6054,2.3476,30.9,58813.8,2424,2419,0.18,368,14.4,0.1,15.6,2.9,,,,,9.14,0.35
J2330-2005,1.6437,31.6,58774.9,1700,203,0.27,809,8.5,0.1,9.2,2.9,,,,,7.03,0.18
J2346-0609,1.1815,31.5,58774.9,1222,289,0.21,350,22.6,0.1,-5.0,2.9,,,,,18.63,0.35
